ranking,proveedor,monto_total,pct_del_total,acumulado_pct
1,J Y S SERVICIOS GENERALES SOCIEDAD ANONIMA CERRADA ¿ J Y S SERVICIOS GENERALES SAC,1111909484.19,1.539,1.539
2,CONSORCIO SAN JUAN,1107905067.02,1.533,3.072
3,"SINOHYDRO CORPORATION LIMITED, SUCURSAL DEL PERU",1031650990.0,1.428,4.5
4,VIETTEL  PERU  S.A.C.,751591219.77,1.04,5.54
5,CONSORCIO HUASCARAN,690414841.29,0.956,6.496
6,CONSORCIO HOSPITALARIO CHOTA,598800820.99,0.829,7.325
7,PETROLEOS DEL PERU S.A.,579163564.84,0.802,8.127
8,CONSORCIO SAN FELIPE,476770077.61,0.66,8.787
9,CONSORCIO HOSPITALARIO MANCHAY,467794135.53,0.647,9.434
10,CONSORCIO HOSPITAL ARAKAKI,413396563.08,0.572,10.006
11,AMERICA MOVIL PERU S.A.C.,357859352.27,0.495,10.501
12,CONSORCIO SANTA FE,306684695.38,0.424,10.925
13,CONSORCIO 35V,306024853.89,0.424,11.349
14,CORPORACION LINDLEY S.A.,291472083.62,0.403,11.752
15,CONSORCIO VIAL CORDILLERA BLANCA,282305379.16,0.391,12.143
16,CONSORCIO VIAL HUANDOY,277863785.56,0.385,12.528
17,CONSORCIO PUNO,273886107.57,0.379,12.907
18,CONSORCIO VIAL HUARI,273242908.25,0.378,13.285
19,CONSORCIO KABSA,264436693.86,0.366,13.651
20,CONSORCIO INGENIERIA DIAMANTE - GA,262001446.71,0.363,14.014
21,CONSORCIO CORREDOR VIAL SANTA TERESA,257607557.0,0.357,14.371
22,CONSORCIO LIMA,233602864.12,0.323,14.694
23,CONSORCIO VIAL CUSCO,231731550.13,0.321,15.015
24,CONSORCIO RIJ,226736750.83,0.314,15.329
25,CONSORCIO TOM,224940297.38,0.311,15.64
26,CONSORCIO VIADUCTO BEGONIAS,224533398.58,0.311,15.951
27,CONSORCIO ZACHARY SMITH,222950800.0,0.309,16.26
28,CONSORCIO HOSPITALARIO ZACARIAS,221165658.64,0.306,16.566
29,"SUMEC COMPLETE EQUIPMENT & ENGINEERING CO., LTD SUCURSAL DEL PERU",220988000.0,0.306,16.872
30,CONSORCIO VIAL BEGONIAS,212624243.91,0.294,17.166
31,CONSORCIO OCROS,209312182.39,0.29,17.456
32,CONSORCIO DIMAQ,208016225.0,0.288,17.744
33,CONSORCIO HOSPITAL VIRU,194104580.82,0.269,18.013
34,CONSORCIO SAN SEBASTIAN,193332276.74,0.268,18.281
35,CONSORCIO EJECUTOR PENAL AREQUIPA,192319950.67,0.266,18.547
36,CONSORCIO EPIURA,192204466.3,0.266,18.813
37,CONSORCIO MARAÑON,187530550.39,0.26,19.073
38,CONSORCIO VIAL SUIZA,186613871.1,0.258,19.331
39,CONSORCIO MAJES 4,185814715.46,0.257,19.588
40,CONSORCIO VIAL YURA,176723519.15,0.245,19.833
41,CONSORCIO VIAL SANTA INES,174479094.95,0.242,20.075
42,CONSORCIO SANTA ROSA,173476094.28,0.24,20.315
43,GECI ESPAÑOLA AEROSPACE SOLUTIONS SA,172557000.0,0.239,20.554
44,CONSORCIO ANTONIO RAYMONDI,170762102.98,0.236,20.79
45,ROLOPOM CORPORIS II,167586691.15,0.232,21.022
46,CONSORCIO BRONTES,167542127.9,0.232,21.254
47,CONSORCIO PROTECCION Y RESGUARDO S.A. - PROTEGE SERVICIOS S.A.,162379126.32,0.225,21.479
48,CONSORCIO HOSPITALARIO REQUENA,162000000.0,0.224,21.703
49,TECNOLOGIAS ECOLOGICAS PRISMA SAC,161781495.3,0.224,21.927
50,CONSORCIO PP 911,157898688.14,0.219,22.146
51,CONSORCIO RIO BRANCO SUR,155408189.93,0.215,22.361
52,CONSORCIO SAN MIGUEL,149098605.1,0.206,22.567
53,CONSORCIO SALUD SANTA CRUZ,147815212.3,0.205,22.772
54,CONSORCIO CENEPA ASOCIADOS,145797814.83,0.202,22.974
55,WIN EMPRESAS S.A.C.,144634965.13,0.2,23.174
56,INVERSIONES QUINTA HEEREN S.A.,135908082.82,0.188,23.362
57,RIPCONCIV CONSTRUCCIONES CIVILES CIA LTDA SUCURSAL DEL PERU,135791670.06,0.188,23.55
58,CONSORCIO PENAL PUCALLPA,134922238.17,0.187,23.737
59,GENUS SVC S.A.C.,134238202.34,0.186,23.923
60,CONSORCIO CONSTRUCTOR LAMPA,132230894.54,0.183,24.106
61,CHINA GEZHOUBA GROUP COMPANY LIMITED SUCURSAL PERU,127879218.39,0.177,24.283
62,CONSORCIO SAN JOSE,125301119.01,0.173,24.456
63,INDUSTRIAS ARGUELLES Y SERVICIOS GENERALES SOCIEDAD ANONIMA CERRADA,124380823.0,0.172,24.628
64,CONSORCIO VIAL SANTO TOMAS II,124200000.0,0.172,24.8
65,CONSORCIO TAMBOGRANDE,123804137.7,0.171,24.971
66,GRUPO SANTA FE SOCIEDAD ANONIMA CERRADA - GRUPO SANTA FE S.A.C.,121738071.66,0.169,25.14
67,XERTICA LABS SOCIEDAD ANONIMA CERRADA - XERTICA LABS S.A.C.,119957806.38,0.166,25.306
68,CONSORCIO YUNKA YACHAY,119610356.4,0.166,25.472
69,GRUPO FER. CONS SOCIEDAD ANONIMA CERRADA,115300014.16,0.16,25.632
70,CORPORACION DIAMANTE JUBERS S.A.C.,112985194.08,0.156,25.788
71,CONSORCIO ELÉCTRICO MADRE DE DIOS,112433283.95,0.156,25.944
72,CONSORCIO PRIALE,111043751.14,0.154,26.098
73,CONSORCIO VIAL BICENTENARIO,110582521.31,0.153,26.251
74,CONSORCIO TRUJILLO,109461391.66,0.152,26.403
75,CONSORCIO VIAL EL DORADO,108030301.86,0.15,26.553
76,CONSORCIO ARGOS,107047739.14,0.148,26.701
77,CONSORCIO SALUD CHACHAPOYAS,106465512.83,0.147,26.848
78,CONSORCIO VIAL CHICAMA,104437569.67,0.145,26.993
79,HANNOVER RÜCK SE,103999524.27,0.144,27.137
80,CONSORCIO NAPOLEON,102864927.67,0.142,27.279
81,CONSORCIO INGENIERIA DIAMANTE,102644038.94,0.142,27.421
82,CONSORCIO MARCONA SEGURO,100486525.44,0.139,27.56
83,CONSORCIO FORTALEZA,99799561.5,0.138,27.698
84,CONSORCIO GURKAS SAC,99787223.75,0.138,27.836
85,CONSORCIO INNOVACION ELECTRICA,99775631.8,0.138,27.974
86,CONSORCIO SALUD HUANCA SANCOS II,99620411.21,0.138,28.112
87,TELEFÓNICA TECH PERÚ S.A.C.,99362474.48,0.138,28.25
88,CORPORACION PERUANA DE ALIMENTOS VILLEGAS S.A.C.,96541593.51,0.134,28.384
89,CONSORCIO VIAL CAYLLOMA,95672236.76,0.132,28.516
90,MERCK SHARP & DOHME PERU S.R.L.,95460000.0,0.132,28.648
91,CONSORCIO EDUCATIVO MACEDO,95429342.26,0.132,28.78
92,CONSORCIO SAN FRANCISCO DE ASIS,95407888.88,0.132,28.912
93,AVANZADA TECNOLOGIA Y SERVICIOS S.A.C,94946311.61,0.131,29.043
94,DIAGNOSTICA PERUANA S.A.C.,94147542.0,0.13,29.173
95,CONSORCIO PIURA,94060655.43,0.13,29.303
96,CONSTRUCTORA E INMOBILIARIA ENSAMAR S.R.L.,92014234.79,0.127,29.43
97,CONSORCIO GRECO,91792356.36,0.127,29.557
98,CONSORCIO NORTE,90558019.49,0.125,29.682
99,FABRICA DE ARMAS Y MUNICIONES DEL EJERCITO SAC - FAME SAC,88148050.2,0.122,29.804
100,CONSORCIO INGENIEROS,87904182.82,0.122,29.926
101,CONSORCIO VIRGEN DEL CARMEN,85924747.3,0.119,30.045
102,MMX INFRA SOCIEDAD ANONIMA CERRADA,85356293.68,0.118,30.163
103,ACCIONA AGUA SERVICIOS S.L. SUCURSAL PERÚ,84223736.88,0.117,30.28
104,CONSORCIO SAN PEDRO,83732794.12,0.116,30.396
105,CONSORCIO PUENTE HUALLAGA,83533404.26,0.116,30.512
106,CONSORCIO INFRASALUD AMAZONAS,82887449.85,0.115,30.627
107,PLUZ ENERGÍA PERÚ S.A.A.,82683366.27,0.114,30.741
108,CONSORCIO VIAL AERODROMO,81070773.81,0.112,30.853
109,CONSORCIO AULAS VIRTUALES,79846541.4,0.111,30.964
110,PROMAINGSA S.A.C.,78220855.78,0.108,31.072
111,SIMED PERU S.A.C.,77243101.35,0.107,31.179
112,CONSORCIO CHAVIN DE HUANTAR,77000000.0,0.107,31.286
113,CONSORCIO TRUJILLO DIGITAL,75181303.0,0.104,31.39
114,NEGOCIOS INNOVACIONES E INGENIERIA S.A.,74978298.19,0.104,31.494
115,CONSORCIO VAICA Y ASOCIADOS,74823413.97,0.104,31.598
116,CONSORCIO TERMINAL TERRESTRE,74354850.77,0.103,31.701
117,EMPRESA DE SERVICIOS DE LIMPIEZA Y SANEAMIENTO AMBIENTAL CAMPITOS SOCIEDAD ANONIMA CERRADA,73755770.64,0.102,31.803
118,CONCYSSA S A,73232162.31,0.101,31.904
119,BANCO INTERNACIONAL DEL PERU-INTERBANK,73000919.59,0.101,32.005
120,CONSORCIO INGENIERIA Y CONSTRUCCION,72193327.69,0.1,32.105
121,CONSORCIO AGUA MASS,71486707.14,0.099,32.204
122,CONSORCIO VIÑANI,71306523.94,0.099,32.303
123,CONSORCIO EJECUTOR SANTA ROSA,69835523.12,0.097,32.4
124,CONSORCIO SANTA MARIA,69711692.95,0.096,32.496
125,CONSORCIO BUSSINES & PROCESS IMPROVEMENT INSTITUTE SC Y ND NEGOCIOS DIGITALES SA DE CV,69344709.78,0.096,32.592
126,CONSORCIO VIAL CALEMAR,69221007.59,0.096,32.688
127,VALMER SYSTEMS S.A.C.,68675955.68,0.095,32.783
128,CONSORCIO SEGURIDAD NORTE,68103946.8,0.094,32.877
129,CONSORCIO CORPORACION PERUANA DE MANTENIMIENTO ELECTRICO - CONSORCIO COPEMANE,68091622.84,0.094,32.971
130,CONSORCIO SANTA RITA,68068277.93,0.094,33.065
131,CONSORCIO BUILDING COMPANY,67718979.42,0.094,33.159
132,IMI DEL PERU S.A.C,67010426.82,0.093,33.252
133,CONSORCIO ELECTRICO LAGUNAS ASOCIADOS,66278536.53,0.092,33.344
134,REPRESENTACIONES Y SERVICIOS INGENIEROS S.R.L.,65900550.92,0.091,33.435
135,CONSORCIO EJECUTOR SIMON BOLIVAR,64849272.19,0.09,33.525
136,CONSORCIO KAIZEN,64145616.07,0.089,33.614
137,CONSORCIO VIAL TINAJANI,63944420.62,0.089,33.703
138,CONSORCIO EJECUTOR JAEN,63843197.63,0.088,33.791
139,PETRAMAS S.A.C.,63456755.97,0.088,33.879
140,MAPFRE PERU COMPAÑIA DE SEGUROS Y REASEGUROS,63448768.16,0.088,33.967
141,CONSORCIO SEÑOR DE LOS MILAGROS,63085773.95,0.087,34.054
142,CONSORCIO SALUD LCS,62657000.0,0.087,34.141
143,CONSORCIO YANAYACU BAJO,62480113.71,0.086,34.227
144,SETELSAT CONSULTING SOCIEDAD ANONIMA CERRADA,62450098.98,0.086,34.313
145,RIMAC SEGUROS Y REASEGUROS,62152263.64,0.086,34.399
146,CONSORCIO SAN MARTIN,61937374.88,0.086,34.485
147,CONSORCIO AMERICA,61850109.23,0.086,34.571
148,AUTOESPAR S A,61660770.56,0.085,34.656
149,CONSORCIO SANTA CLARA,61320717.11,0.085,34.741
150,CONSORCIO VIRGEN DE LA PUERTA,61167223.34,0.085,34.826
151,CONSORCIO CONSULTOR IREN,60033029.66,0.083,34.909
152,CONSORCIO SUPERVISOR HOSPITALARIO SELVA,59719426.67,0.083,34.992
153,CONSORCIO PERU AMERICA,59606026.35,0.083,35.075
154,CONSORCIO VICTORIA,59492439.03,0.082,35.157
155,SISTEMAS ANALITICOS SRL,59403579.4,0.082,35.239
156,"THALES DIS MEXICO, S.A. DE C.V. SUCURSAL DEL PERU",59321247.09,0.082,35.321
157,EDENRED PERU S.A.,58338315.19,0.081,35.402
158,CONSORCIO EJECUTOR AYABACAS,57947438.75,0.08,35.482
159,CONSORCIO BOSCONIA,57919271.04,0.08,35.562
160,CONSORCIO PACASMAYO,57624245.82,0.08,35.642
161,OPTIMUS SECURITY S.A.C. -  OPTIMUS SEC S.A.C.,57483832.12,0.08,35.722
162,CONSTRUCTORA G.N. GAMBOA & CIA SOCIEDAD ANONIMA CERRADA,57377139.91,0.079,35.801
163,CONSORCIO PAJATEN,56658980.58,0.078,35.879
164,FERREYROS SOCIEDAD ANÓNIMA,56584592.19,0.078,35.957
165,CONSORCIO PIEDRA HERMOSA,56545214.82,0.078,36.035
166,CONSORCIO INFRAESTRUCTURA SUR,56371067.36,0.078,36.113
167,CONSORCIO YANAHUARA,56232102.34,0.078,36.191
168,CONSORCIO GRUPO G&R,56039869.14,0.078,36.269
169,CONSORCIO SAN ANDRES DE HUAYNACANCHA,55667410.98,0.077,36.346
170,CONSORCIO VIAL MIRAFLORES,55108676.37,0.076,36.422
171,CONSORCIO NEGOCIACIONES HAROLS EIRL - VEINSA AMAZONICO EIRL,54849280.0,0.076,36.498
172,LABORATORIOS AMERICANOS S.A.,54318102.77,0.075,36.573
173,CONSORCIO CORPORATE,53842659.48,0.075,36.648
174,CONSORCIO ENERGIA VIVA,53798880.24,0.074,36.722
175,CONSORCIO 906,53600400.0,0.074,36.796
176,CONSORCIO MOYOBAMBA,53223482.38,0.074,36.87
177,CONSORCIO VESUR,53142308.92,0.074,36.944
178,CONSORCIO EL CHIRA,52966656.46,0.073,37.017
179,CONSORCIO A&E,52689344.19,0.073,37.09
180,TOWER AND TOWER S.A.,52599703.44,0.073,37.163
181,CONSORCIO EJECUTOR GUADALUPE,52450281.83,0.073,37.236
182,CONSORCIO VIAL OCROS,52101169.39,0.072,37.308
183,FARMA MIAVIDA SOCIEDAD ANONIMA CERRADA,52087034.59,0.072,37.38
184,CONSTRUCTORA Y SERVICIOS SA,51668794.76,0.072,37.452
185,CONSORCIO EJECUTOR,51556102.21,0.071,37.523
186,CORPORATE SECURITY CONSULTANTS S.A.C. - GRUPO C6V SECURITY S.A.C.,51412803.48,0.071,37.594
187,CONSORCIO ALTO RENDIMIENTO,51346610.49,0.071,37.665
188,PLUXEE PERU S.A.C.,50899629.66,0.07,37.735
189,SUPERMERCADOS PERUANOS SOCIEDAD ANONIMA 'O ' S.P.S.A.,50662544.5,0.07,37.805
190,CONSORCIO PROYECTO LOAYZA,50400000.0,0.07,37.875
191,CONSORCIO GUARDIA CIVIL COMPANY SAC - OPTIMUS SECURITY SAC,50203395.96,0.069,37.944
192,CONSORCIO EJECUTOR MARIATEGUI,49963301.29,0.069,38.013
193,CONSORCIO BOLIVARIANOS PERU,49820515.2,0.069,38.082
194,CONSORCIO EJECUTOR CUSCO,49767564.58,0.069,38.151
195,CONSORCIO C.S. VISTA ALEGRE,49755192.2,0.069,38.22
196,QUIMPAC S.A.,49555178.4,0.069,38.289
197,CONSORCIO CRG HOLDING,49457882.65,0.068,38.357
198,CONTRATISTAS GENERALES A&L SAN PABLO S.A.C.,49456068.99,0.068,38.425
199,CONSORCIO RAMESH,49117222.44,0.068,38.493
200,INTEGRIT SOCIEDAD ANONIMA CERRADA - INTEGRIT S.A.C.,49037864.96,0.068,38.561
201,REPRESENTACIONES DECO S.A.C,49016966.72,0.068,38.629
202,CASTILLO RUIZ JOSE HUMBERTO,48799418.56,0.068,38.697
203,ROCHE FARMA (PERU) S.A.,48696820.0,0.067,38.764
204,CONSORCIO CANVIA - SONDA,48665020.0,0.067,38.831
205,LABORATORIOS AC FARMA S.A.,47785014.5,0.066,38.897
206,CONSORCIO SEÑOR DEL COSTADO,47017429.18,0.065,38.962
207,CONSORCIO LOS INCAS,46769511.04,0.065,39.027
208,CONSORCIO SANEAMIENTO EHC,46663400.0,0.065,39.092
209,CONSORCIO INDUSTRIAS ROLAND PRINT SAC - INRO PLASTICOS SAC,46350813.49,0.064,39.156
210,CONSORCIO TALLERES ESPECIALIZADOS L,46248023.36,0.064,39.22
211,CONSORCIO OLIMPICO,45778737.76,0.063,39.283
212,PACIFICO COMPAÑIA DE SEGUROS Y REASEGUROS,45750203.7,0.063,39.346
213,CONSORCIO DEL NORTE,45680264.03,0.063,39.409
214,CONSORCIO LOS ANDES,45354978.51,0.063,39.472
215,CONSORCIO LIBERTAD,45273085.18,0.063,39.535
216,CONSORCIO PIRAMIDE,45006174.89,0.062,39.597
217,CONSORCIO GREEN WORLD,44876105.0,0.062,39.659
218,SERVICIO INDUSTRIAL DE LA MARINA S.A.,44867265.82,0.062,39.721
219,CONSORCIO VELILLE,44656629.41,0.062,39.783
220,CEMENTOS PACASMAYO S.A.A.,44626690.49,0.062,39.845
221,CONSORCIO VIAS URBANAS,44163176.11,0.061,39.906
222,SISTEMAS ORACLE DEL PERU S.R.L.,44145421.45,0.061,39.967
223,CONSORCIO OBRITEC CYC KEVIN,43962103.08,0.061,40.028
224,MASTER MEDICAL SOCIEDAD ANONIMA DE CAPITAL VARIABLE,43948904.0,0.061,40.089
225,CONSORCIO ECO,43898057.84,0.061,40.15
226,CONSORCIO ALTO IHUAMACA,43548317.43,0.06,40.21
227,PRODUCTOS ROCHE Q F S A,43540985.52,0.06,40.27
228,CONSORCIO INDEPENDENCIA LIMPIO,43505830.88,0.06,40.33
229,ALTAVISTA INVERSIONES GLOBALES SOCIEDAD ANONIMA CERRADA - AIG S.A.C.,43278070.03,0.06,40.39
230,CONSORCIO TOSTEN,43118973.54,0.06,40.45
231,CONSORCIO CHECK,42909927.23,0.059,40.509
232,CORPORACION ALJAR SAC,42772860.41,0.059,40.568
233,CONSORCIO INDOAMERICA,42670284.48,0.059,40.627
234,CONSORCIO GRUPO C6V SECURITY S.A.C. - CONSORCIO GURKAS S.A.C.,42500000.0,0.059,40.686
235,CONSORCIO CONSTRUCTOR ACEISAC & IDASA,42353173.36,0.059,40.745
236,SEVEN PHARMA SAC,42235875.93,0.058,40.803
237,PAPA TIM S.A.C.,42118184.59,0.058,40.861
238,CONSORCIO EXPERTO HOSPITALARIO,41855427.18,0.058,40.919
239,CONSORCIO SEÑOR CAUTIVO,41668174.67,0.058,40.977
240,CONSTRUCCIONES & SERVICIOS DIEGUITO S.A.C.,41512102.59,0.057,41.034
241,CONSORCIO MILENIO,41495551.65,0.057,41.091
242,FGA INGENIEROS SA,41215106.0,0.057,41.148
243,CONSORCIO SAN LUIS,41148397.18,0.057,41.205
244,LABORATORIOS SIEGFRIED S.A.C.,41138246.71,0.057,41.262
245,UNIMAQ S.A.,41024485.87,0.057,41.319
246,CONSORCIO HORUS,40945672.51,0.057,41.376
247,CONSORCIO SAN ANTONIO,40885323.29,0.057,41.433
248,CONSORCIO LAS DALIAS,40762296.93,0.056,41.489
249,CONSORCIO ALBERGUE MARCONA,40742686.09,0.056,41.545
250,CONSORCIO NAYLAMP,40682815.3,0.056,41.601
251,LA POSITIVA SEGUROS Y REASEGUROS S.A.,40353038.28,0.056,41.657
252,CONSORCIO EDUCATIVO MARCONA,40243269.11,0.056,41.713
253,CONSORCIO SOL,40186371.61,0.056,41.769
254,CONSORCIO SAN ANDRES,40178937.18,0.056,41.825
255,CONSTRUCTORA J.Q. S.R.L.,39857659.33,0.055,41.88
256,CONSORCIO PIEDRA DEL TORO,39856517.06,0.055,41.935
257,LINDE PERU S.R.L.,39745736.7,0.055,41.99
258,CONSORCIO PALCA GROUP III,39602262.25,0.055,42.045
259,INVERSIONES EVZA S.R.L.,39281882.55,0.054,42.099
260,NEGOCIACIONES HAROL S E.I.R.L.,39211209.6,0.054,42.153
261,CONSORCIO VIAL ZONA B,39200000.0,0.054,42.207
262,CONSORCIO SHENLONG,39000000.0,0.054,42.261
263,SABINA CONTRATISTAS GENERALES SAC,38830393.21,0.054,42.315
264,CONSORCIO GALILEA,38353197.29,0.053,42.368
265,CONSORCIO YAMUSHIMA,38334062.44,0.053,42.421
266,CONSORCIO ELECTRICO JUNIN ASOCIADOS,37878436.01,0.052,42.473
267,CONSORCIO VOLTA,37878436.01,0.052,42.525
268,SOLTELEC INGENIEROS E.I.R.L.,37857014.81,0.052,42.577
269,CONSORCIO RIEGO HUASMIN,37803643.74,0.052,42.629
270,CONSORCIO ESPAÑOLA 2025,37728693.94,0.052,42.681
271,CONSORCIO CRUZ VERDE,37695195.65,0.052,42.733
272,CYMED MEDICAL SAC,37482242.72,0.052,42.785
273,VICOP SOCIEDAD ANONIMA,37335216.52,0.052,42.837
274,ACRUTA & TAPIA INGENIEROS S.A.C.,37219508.46,0.052,42.889
275,CONSORCIO DIEZ,37218067.85,0.052,42.941
276,CONSORCIO CONSTRUCTOR TACALA,36952905.46,0.051,42.992
277,CONSORCIO QS CONSUMO S.A.C.-ASTRAZENECA PERU S.A.,36840900.0,0.051,43.043
278,CONSORCIO VALPARAISO,36775292.45,0.051,43.094
279,CONSORCIO NORCONSAC,36769452.76,0.051,43.145
280,CONSORCIO PROGRESO,36594403.73,0.051,43.196
281,CONSORCIO DEPORTIVO MORROPÓN,36558135.59,0.051,43.247
282,CONSORCIO EJECUTOR CAMPANILLA 1,36450000.5,0.05,43.297
283,CONSORCIO CAMPANILLA 1,36450000.5,0.05,43.347
284,CONSTRUCTORA YERMHI CONTRATISTAS GENERALES E.I.R.L.,36415784.62,0.05,43.397
285,CONSORCIO ESPERANZA,36115921.47,0.05,43.447
286,CONSORCIO PROMANT,35930255.27,0.05,43.497
287,CONSORCIO PROTECTOR,35919380.17,0.05,43.547
288,ARQUIPROYECT SRL,35823075.25,0.05,43.597
289,CORPORATE SECURITY CONSULTANTS S.A.C.,35479511.85,0.049,43.646
290,CONSORCIO AZ PARCONA,35450000.0,0.049,43.695
291,ARO CONSTRUCTORA Y MINEROS EIRL,35346437.64,0.049,43.744
292,ALMACENES SANTA CLARA S A,35315002.3,0.049,43.793
293,CONSORCIO MEDICO SALOMON VILCHEZ,35257604.16,0.049,43.842
294,CONSORCIO MIARIA,35240019.35,0.049,43.891
295,CONSORCIO MAYORAZGO,35237962.27,0.049,43.94
296,CONSORCIO PRO-SERVIS,35113032.92,0.049,43.989
297,CONSORCIO VIAL PERU,35076192.9,0.049,44.038
298,PROCESADORA DE GAS PARIÑAS S.A.C,34964487.72,0.048,44.086
299,CONSORCIO SUPERVISOR PIURA,34917770.07,0.048,44.134
300,CONSORCIO MALVINAS,34879213.89,0.048,44.182
301,INFORMACION LOCALIZADA S.A.S. - SUCURSAL DEL PERU,34728045.04,0.048,44.23
302,CONSORCIO COLCABAMBA,34683173.37,0.048,44.278
303,CONSORCIO SANTIAGO,34670326.69,0.048,44.326
304,CONSORCIO CONTABILIDAD,34648710.12,0.048,44.374
305,CONSORCIO VICTOR ANDRES,34599850.38,0.048,44.422
306,CONSORCIO SAN ALFONSO,34522504.91,0.048,44.47
307,BIOMATIC PHARMA  S.A.,34392400.0,0.048,44.518
308,MEDIFARMA S A,34246415.75,0.047,44.565
309,CONSTRUCTORA Y MINERA SERPIENTE DE ORO E.I.R.L.,34155122.55,0.047,44.612
310,PROXUS SECURITY S.A.C.,34101117.08,0.047,44.659
311,CONSORCIO SUR,34032398.83,0.047,44.706
312,TRIGENESIS SRL,33974200.0,0.047,44.753
313,DIEBOLD NIXDORF PERU S.R.L.,33954984.0,0.047,44.8
314,CONSORCIO HOSPITALARIO MONZON,33889597.06,0.047,44.847
315,PERUANA DE MOTORES H.G. S.A.C. - PERUMOTOR H.G. S.A.C.,33752289.99,0.047,44.894
316,IBM DEL PERU S A C,33535061.56,0.046,44.94
317,CONSORCIO VIAL EL INDIO,33523409.25,0.046,44.986
318,CONSORCIO CUSIBAMBA,33496180.08,0.046,45.032
319,MSC CONSTRUCTORA S.A.C.,33464061.0,0.046,45.078
320,HANAI SRL,33434886.79,0.046,45.124
321,CONSORCIO MAGNUS,33420093.68,0.046,45.17
322,CONSORCIO CONTIGO PERU,33391414.14,0.046,45.216
323,CONSORCIO SEÑOR DE HUANCA,33378884.07,0.046,45.262
324,CONSORCIO DEL SUR,33217201.69,0.046,45.308
325,CONSORCIO INCOAC,33008523.79,0.046,45.354
326,INTELLIGENCE TECHNOLOGY COMPANY S.A.C.  - INTELLIGENCE TECH S.A.C.,32949749.0,0.046,45.4
327,DIVEIMPORT S.A.,32890728.02,0.046,45.446
328,FAST ENGENHARIA E MONTAGENS S.A. SUCURSAL DEL PERU,32875878.89,0.046,45.492
329,CONSORCIO NUEVO ECHARATI,32866327.56,0.045,45.537
330,CONSORCIO DIMAJO,32826710.35,0.045,45.582
331,CONSORCIO LEAL,32634287.54,0.045,45.627
332,CONSORCIO MEGA,32596508.28,0.045,45.672
333,CONSORCIO LEONCIO PRADO,32554022.11,0.045,45.717
334,COMERCIALIZADORA BARBOZA E.I.R.L.,32464975.68,0.045,45.762
335,CONSORCIO ELECTRICO MOQUEGUA,32349999.07,0.045,45.807
336,ELECTRONOROESTE S.A,32296113.45,0.045,45.852
337,CONSORCIO EJECUTOR GASTA BALA,32017860.83,0.044,45.896
338,CONSORCIO HARZONE - KAYSUN,31368000.0,0.043,45.939
339,ASEPCIA PERU S.A.C.,31306025.84,0.043,45.982
340,ALKOFARMA E.I.R.L.,31270432.5,0.043,46.025
341,IPESA S.A.C.,31210804.9,0.043,46.068
342,CONSORCIO LA MERCED,31186344.83,0.043,46.111
343,CONSORCIO EJECUTOR NORTE,31183572.29,0.043,46.154
344,COMERCIAL TRES ESTRELLAS S.A.,31181144.72,0.043,46.197
345,SEGURIDAD UNICA NACIONAL S.R.L.,31168931.94,0.043,46.24
346,CONSORCIO VIAL PORVENIR,31088454.99,0.043,46.283
347,CONSORCIO HOSPITALARIO DEL NORTE,31071939.14,0.043,46.326
348,INVERSIONES LUMI E.I.R.L.,30999125.76,0.043,46.369
349,CONSORCIO MAR,30991134.66,0.043,46.412
350,CONSORCIO GRUPO MENDOZA,30951269.81,0.043,46.455
351,CONSORCIO EDUCATIVO LOS ANDES,30715139.17,0.043,46.498
352,SERVICIOS GENERALES RAMBELL EIRL,30662000.0,0.042,46.54
353,CONSORCIO EDUCATIVO SUNGARO,30653070.56,0.042,46.582
354,CONSORCIO COCOCHO,30603376.34,0.042,46.624
355,SMART GLOBAL - GST,30448856.88,0.042,46.666
356,CONSORCIO CACERES,30313792.68,0.042,46.708
357,CONSORCIO WAYS VIALES,30271659.36,0.042,46.75
358,CYMTEL S.A.C.,30105497.22,0.042,46.792
359,IMPERIA SOLUCIONES TECNOLOGICAS S.A.C.,30102440.0,0.042,46.834
360,TERRASOFT CONTRATISTAS S.A.C.,30010305.33,0.042,46.876
361,OFICINA DE LAS NACIONES UNIDAS DE SERVICIOS PARA PROYECTOS - UNOPS,29994384.68,0.042,46.918
362,CONSROCIO PERU BIRF,29938987.56,0.041,46.959
363,CONSORCIO EJECUTOR LAGUNA,29762022.01,0.041,47.0
364,CONSORCIO VIAL SAMUGARI,29674421.13,0.041,47.041
365,CONSORCIO MIGUEL GRAU,29615016.04,0.041,47.082
366,H REPS S.A.C.,29590419.76,0.041,47.123
367,CONSORCIO SONDA DEL PERÚ S.A. ¿ SONDA S.A,29544053.93,0.041,47.164
368,CORPORACION PLEYADES SOCIEDAD ANONIMA CERRADA,29440228.67,0.041,47.205
369,GRUPO EMPRESARIAL VISION COMPARTIDA SOCIEDAD ANONIMA CERRADA - GEVICOM S.A.C.,29407686.86,0.041,47.246
370,CONSORCIO WAYKA,29327044.38,0.041,47.287
371,CONSORCIO VIAL MINASCUCHO,29274942.58,0.041,47.328
372,CONSORCIO ACCIONA CHILCA,29267111.6,0.041,47.369
373,CONSORCIO DON JUAN,28957958.53,0.04,47.409
374,CONSORCIO GRUPO SEGURIDAD ESTRATEGICA SAC - GRUPO GERENCIA DE SEGURIDAD SAC,28883142.45,0.04,47.449
375,CONSORCIO OBICON CUSCO,28730000.0,0.04,47.489
376,CONSORCIO CERRO BLANCO,28618764.04,0.04,47.529
377,CONSTRUCTORA NEPAL S.A.C. CONSULTORES Y CONTRATISTAS GENERALES,28448983.96,0.039,47.568
378,CONSORCIO BELLAVISTA,28406399.96,0.039,47.607
379,IN CONTINU ET SERVICES S.A.S. SUCURSAL DEL PERU,28330903.2,0.039,47.646
380,CONSORCIO G & S,28272982.66,0.039,47.685
381,CONSORCIO EJECUTOR CORIS,28272609.4,0.039,47.724
382,CONSORCIO TENZIN CONSTRUCTION,28200000.0,0.039,47.763
383,CONSORCIO OBRAS VIALES,28178762.7,0.039,47.802
384,PROTEGE SERVICIOS S.A. - PROTEGE SERVICIOS,28129831.14,0.039,47.841
385,SEGUROC SOCIEDAD ANONIMA,28115301.72,0.039,47.88
386,CONSORCIO SANEAMING,28115269.58,0.039,47.919
387,HAMUQ FARMA E.I.R.L.,28080494.28,0.039,47.958
388,CONSORCIO CONSULTOR SAN PEDRO,28074105.63,0.039,47.997
389,CONSORCIO LIA,28049982.66,0.039,48.036
390,COORPORACION DE SERVICIOS DE LIMPIEZA Y SANEAMIENTO AMBIENTAL SOCIEDAD ANONIMA CERRADA SERVICIO DE REPRESENTACIONES CONSIGNACIONES Y LIMPIEZA MEGA INTEGRAL S.A.C. STHALEMS SMITH S.A.C.,27986785.54,0.039,48.075
391,KUNTUR WASI INGENIEROS S.R.L.,27894148.37,0.039,48.114
392,CONSORCIO AMBIENTAL MOQUEGUA,27891499.63,0.039,48.153
393,EMPRESA DE SERVICIOS RIO SANTA S.R.L.,27815616.0,0.039,48.192
394,KHUT SRL,27775701.16,0.038,48.23
395,CONSORCIO AGUA VIVA,27583292.42,0.038,48.268
396,CONSORCIO CULTURAL,27518946.29,0.038,48.306
397,CONSORCIO RIO YARABAMBA,27509169.64,0.038,48.344
398,CONSORCIO ELECTRICO BOLÍVAR,27460570.62,0.038,48.382
399,CONSORCIO LA TORRE GARCIA,27401889.37,0.038,48.42
400,CONTRATISTAS GENERALES ASOCIADOS GM S.A.C.,27346304.61,0.038,48.458
401,CONSORCIO KRESKO,27235240.05,0.038,48.496
402,CONSORCIO ANDES DEL SOL,27234387.34,0.038,48.534
403,HERRERA ORE PALERMO,27143809.4,0.038,48.572
404,CONSORCIO VIAL QUINCE,27073588.0,0.037,48.609
405,CONSORCIO LUZ FABIANA,27061542.59,0.037,48.646
406,CONSORCIO NUEVA ESPERANZA,27059310.55,0.037,48.683
407,GRUPO DE OPERACIONES ESPECIALES Y SEGURIDAD SOCIEDAD ANONIMA CERRADA,26996089.16,0.037,48.72
408,CONSORCIO VOLTIUM,26977303.8,0.037,48.757
409,CONSORCIO RESIDUOS CALLAO,26937000.0,0.037,48.794
410,CONSORCIO ELECTRICO DEL NORTE,26921138.78,0.037,48.831
411,CONSORCIO SAN MARCOS,26833197.69,0.037,48.868
412,CONSORCIO AZVALIA,26787551.81,0.037,48.905
413,CONSORCIO ZAFIRO,26757138.12,0.037,48.942
414,CONSORCIO EJECUTOR  DISAMART,26718801.54,0.037,48.979
415,CONSORCIO CAJAMARCA,26699345.03,0.037,49.016
416,CONSORCIO ALAMEDA HUANUCO,26672919.67,0.037,49.053
417,CONSORCIO EJECUTOR YARINA,26415123.5,0.037,49.09
418,CONSORCIO SAMURAI,26397120.0,0.037,49.127
419,SANCHEZ RICO INGENIERIA Y CONSTRUCCION S.A.C.,26327045.39,0.036,49.163
420,CONSORCIO VIAL,26315187.56,0.036,49.199
421,ROCA S.A.C.,26286220.41,0.036,49.235
422,CONSORCIO RIEGO CALLEJON,26253249.25,0.036,49.271
423,CONSORCIO VALLE VERDE,26153454.58,0.036,49.307
424,CONSORCIO VIAL MAYOLO,26143573.05,0.036,49.343
425,CONSORCIO SUPERVISOR CHOTA,26139664.75,0.036,49.379
426,BERTONATI TECHNOLOGIES S.A.,26125699.06,0.036,49.415
427,RIVERSA SERVICIOS GENERALES S.R.L,26108727.39,0.036,49.451
428,CONSORCIO CAMINO DEL HUASCARÁN,26049840.87,0.036,49.487
429,INMOBILIARIA SUDAMERICANA INTERNACIONAL S.A.,25983355.14,0.036,49.523
430,CONSORCIO COLECTORES ATARJEA,25977600.0,0.036,49.559
431,CONSORCIO VIAL MARGOS,25928042.0,0.036,49.595
432,HARDTECH SOLUTIONS S.A.C.,25897912.35,0.036,49.631
433,CONSORCIO VIA PACHACUTEC,25894793.05,0.036,49.667
434,CONSORCIO VIAL PUYCA,25876636.6,0.036,49.703
435,CONSORCIO UNIÓN,25857769.84,0.036,49.739
436,CONSORCIO MICAELA,25696801.77,0.036,49.775
437,CONSORCIO CORAL,25617599.12,0.035,49.81
438,DIMEXA S.A.,25613263.95,0.035,49.845
439,CONSORCIO SAN FRANCISCO,25591838.5,0.035,49.88
440,CONSORCIO YAKU,25579614.54,0.035,49.915
441,CONSORCIO ANTUNEZ,25538885.99,0.035,49.95
442,CONSORCIO CARRETERA JUS 115,25472587.5,0.035,49.985
443,FRESENIUS MEDICAL CARE DEL PERU S.A.,25310056.32,0.035,50.02
444,CONSORCIO LAURICOCHA,25207584.38,0.035,50.055
445,CONSORCIO FENIX ASOCIADOS,25002804.46,0.035,50.09
446,CONSORCIO FRESADOR,24916125.0,0.034,50.124
447,ROCHEM BIOCARE DEL PERU S.A.C,24890058.25,0.034,50.158
448,CONSORCIO VIAL PUENTE CHORRILLOS,24878700.24,0.034,50.192
449,CONSORCIO CCOCHACCASA,24800977.69,0.034,50.226
450,NOVENTIQ INTERNATIONAL PERU S.A.C.,24768103.24,0.034,50.26
451,NOR YAUYOS VRAEM,24761678.72,0.034,50.294
452,CONSORCIO EDUCATIVO JVS,24733046.94,0.034,50.328
453,GATT PERU S.R.L.,24621562.9,0.034,50.362
454,INSTITUTO QUIMIOTERAPICO S A,24595126.66,0.034,50.396
455,CONSORCIO SANEAMIENTO LONYA GRANDE,24578000.0,0.034,50.43
456,CONSORCIO SUPERVISOR HOSPITAL MANCHAY,24509577.42,0.034,50.464
457,CONSORCIO GRUPO C6V SECURITY S.A.C. - ENLAZE GROUP S.A.C.,24478907.16,0.034,50.498
458,CONSORCIO EJECUTOR BASADRE,24478477.83,0.034,50.532
459,PACIFICO EDITORES S.A.C.,24473388.91,0.034,50.566
460,CONSORCIO MENBER,24394927.49,0.034,50.6
461,CONSORCIO SUROBRAS,24375032.48,0.034,50.634
462,DAILY TECHNOLOGY S.A.C.,24359235.43,0.034,50.668
463,CONSORCIO INNOVA,24294253.43,0.034,50.702
464,TMI-TYC SOCIEDAD ANONIMA CERRADA - TMI-TYC S.A.C.,24292324.21,0.034,50.736
465,CONSULTORIA & CONSTRUCCIONES FERMATHY E.I.R.L.,24291636.35,0.034,50.77
466,CONSORCIO EJECUTOR COPANI,24211071.89,0.034,50.804
467,M.L. INGENIERIA PROVEEDORES Y SERVICIOS S.C.R.L.,24188979.79,0.033,50.837
468,ELJY S.A.C.,24159422.91,0.033,50.87
469,CONSORCIO COMERCIAL TRES ESTRELLAS SA  - PANIFICADORA HAROLS EIRL,24138180.0,0.033,50.903
470,NEXTNET S.A.C.,24106192.57,0.033,50.936
471,CONSORCIO DEL ORIENTE,24081794.65,0.033,50.969
472,CONSORCIO CHAUPI,24081300.0,0.033,51.002
473,CORPORACION CENTRAL LIMA PERU S.A.C. - CORCELIP S.A.C.,24080018.0,0.033,51.035
474,CONSORCIO AGUAS DEL SHIPAGO,24070782.0,0.033,51.068
475,CONSORCIO MARCOBAMBA,24032735.88,0.033,51.101
476,CONSORCIO NATIVIDAD,24008358.16,0.033,51.134
477,CONSORCIO AKUNTA,24006232.36,0.033,51.167
478,CONSORCIO EJECUTOR D&C,23893360.6,0.033,51.2
479,CONSORCIO EDUCATIVO DEL SUR,23850000.0,0.033,51.233
480,CONSORCIO H&M AMAZONIA,23832227.82,0.033,51.266
481,EXAMOVA MAQUINARIAS Y SERVICIOS E.I.R.L.,23776277.82,0.033,51.299
482,CONSORCIO SALU TAPUC,23657061.87,0.033,51.332
483,CONSORCIO LABRADOR,23622582.3,0.033,51.365
484,CONSORCIO SONDOR,23620208.13,0.033,51.398
485,CONSORCIO ESMERALDA,23464781.37,0.032,51.43
486,2B & C INGENIEROS S.A.C.,23388045.47,0.032,51.462
487,CONSORCIO FLORIDA,23288163.47,0.032,51.494
488,BIOLATAM PHARMA HOLDING INC,23235677.18,0.032,51.526
489,CONSORCIO RIO RIMAC,23208800.0,0.032,51.558
490,INDUSTRIAS TRIVECA S.A.C.,23173197.18,0.032,51.59
491,CONSORCIO VIRGEN DE FATIMA II,23090963.09,0.032,51.622
492,ENTEL PERU S.A.,23016769.29,0.032,51.654
493,CONSORCIO EMB DUBERLY,22999636.02,0.032,51.686
494,CONSORCIO ELECTRICO MARAÑON,22981853.41,0.032,51.718
495,SOGU CONSTRUCTORA S.A.C.,22953580.88,0.032,51.75
496,CONSORCIO PERU CANADA,22893359.73,0.032,51.782
497,CONSORCIO RIO BLANCO,22825470.09,0.032,51.814
498,CONSORCIO INGENIERIA LANDONTEX,22783928.29,0.032,51.846
499,CONSORCIO EJECUTORES PERUANOS,22773685.66,0.032,51.878
500,CONTRATISTAS Y CONSULTORES FP SOCIEDAD ANONIMA CERRADA - CYC FP S.A.C.,22752104.0,0.031,51.909
