entidad,hhi,m_total,n_proveedores,nivel
UNIDAD EJECUTORA 012 - OFICINA GENERAL DE INVERSIONES Y PROYECTOS,9407.6,71496732.39999999,24,alto
MUNICIPALIDAD DISTRITAL DE SAN JUAN DE BIGOTE,9366.8,12918344.830000002,5,alto
MUNICIPALIDAD DISTRITAL DE TAPAYRIHUA,9209.2,11431814.360000001,5,alto
MUNICIPALIDAD DISTRITAL DE YAMBRASBAMBA,9201.6,40680779.300000004,5,alto
PODER JUDICIAL - UNIDAD DE COORDINACION DEL PROYECTO MEJORAMIENTO DE LOS SERVICIOS DE JUSTICIA,8909.4,10466616.62,8,alto
INPE-DIRECCION REGIONAL ALTIPLANO PUNO,8791.8,12556689.0,7,alto
MUNICIPALIDAD PROVINCIAL DE BOLIVAR,8776.0,72340414.53999999,8,alto
MUNICIPALIDAD DISTRITAL DE ANCO - CHURCAMPA,8721.5,17891639.820000004,6,alto
MUNICIPALIDAD DISTRITAL DE CUJILLO,8662.4,21041895.259999998,6,alto
GOBIERNO REGIONAL DE LORETO - ORGANISMO PUBLICO INFRAESTRUCTURA PARA LA PRODUCTIVIDAD,8529.1,1073930988.64,7,alto
MUNICIPALIDAD DISTRITAL DE LLACANORA,8507.6,26085208.389999997,6,alto
MUNICIPALIDAD DISTRITAL DE ACOS,8479.7,8162657.279999999,5,alto
MUNICIPALIDAD DISTRITAL DE SANGARARA,8450.0,10464876.02,6,alto
MUNICIPALIDAD DISTRITAL DE SALITRAL - SULLANA,8444.4,5597923.75,5,alto
MUNICIPALIDAD DISTRITAL DE PACAYCASA,8410.6,9547062.71,5,alto
GOBIERNO REGIONAL DE ANCASH - PROYECTO ESPECIAL CHINECAS,8391.5,5571488.8,5,alto
MUNICIPALIDAD DISTRITAL DE CUMBA,8380.5,9669056.42,6,alto
MUNICIPALIDAD DISTRITAL VILLA VIRGEN,8337.7,14166090.99,7,alto
MUNICIPALIDAD PROVINCIAL DE SAN MARCOS - PEDRO GALVEZ,8278.5,113417322.43,8,alto
UNIDAD EJECUTORA 008:PROYECTOS ESPECIALES DEL PLIEGO 003 - MINISTERIO DE CULTURA,8242.1,58216039.74,14,alto
MUNICIPALIDAD DISTRITAL DE HUAMANGUILLA,8197.4,14021915.42,7,alto
MUNICIPALIDAD DISTRITAL DE SONDORILLO,8139.5,9835361.31,6,alto
MUNICIPALIDAD DISTRITAL DE SAN MIGUEL DE EL FAIQUE,8107.6,18055132.0,7,alto
MUNICIPALIDAD DISTRITAL DE CHACOCHE,7968.7,4003441.73,5,alto
FONDO DE ASEGURAMIENTO EN SALUD DE LA POLICIA NACIONAL DEL PERU,7902.0,10850793.23,9,alto
MUNICIPALIDAD DISTRITAL DE LLOCHEGUA,7880.9,4768384.749999999,6,alto
EMPRESA  MUNICIPAL DE  AGUA POTABLE Y ALCANTERILLADO DE  BAGUA SRL,7769.9,16298159.870000001,7,alto
MUNICIPALIDAD DISTRITAL DE ATUNCOLLA,7718.7,28644284.25,7,alto
MUNICIPALIDAD DISTRITAL DE CARMEN ALTO,7688.2,10123277.34,7,alto
MUNICIPALIDAD DISTRITAL DE CALETA DE CARQUIN,7630.5,3185500.73,5,alto
UNIVERSIDAD NACIONAL DE CAÑETE,7630.4,43353154.98,11,alto
MUNICIPALIDAD DISTRITAL DE ELIAS SOPLIN VARGAS,7630.3,5737026.41,5,alto
MUNICIPALIDAD PROVINCIAL DE GRAU - CHUQUIBAMBILLA,7597.2,20478282.099999998,13,alto
MUNICIPALIDAD DISTRITAL DE EL CARMEN DE LA FRONTERA - SAPALACHE,7572.2,7553443.23,6,alto
MUNICIPALIDAD DISTRITAL DE ACOLLA,7571.3,9960317.319999998,6,alto
GOBIERNO REGIONAL DE UCAYALI - PROYECTO ESPECIAL CARRETERA FEDERICO BASADRE,7546.3,4618994.22,7,alto
MUNICIPALIDAD DISTRITAL DE LLAMA - CHOTA,7527.8,14657915.899999999,16,alto
MUNICIPALIDAD DISTRITAL DE MARANGANI,7505.3,22343472.580000002,13,alto
MUNICIPALIDAD DISTRITAL DE QUEROPALCA,7469.8,5989229.66,6,alto
MUNICIPALIDAD DISTRITAL DE SACSAMARCA,7448.6,3672722.25,5,alto
MUNICIPALIDAD DISTRITAL DE MORCOLLA,7434.6,5110883.61,6,alto
MUNICIPALIDAD DISTRITAL DE QUILCAS,7408.2,6518620.41,5,alto
MUNICIPALIDAD DISTRITAL DE KUNTURKANKI,7376.1,13881554.3,9,alto
MUNICIPALIDAD DISTRITAL DE SAN BENITO,7302.6,8990999.43,5,alto
MUNICIPALIDAD DISTRITAL DE SAN MARTIN ALAO,7289.2,8925947.07,5,alto
MUNICIPALIDAD DISTRITAL DE HUAMANCACA CHICO,7285.6,10244182.48,5,alto
MUNICIPALIDAD DISTRITAL DE CACHICADAN,7275.0,26388562.32,11,alto
MUNICIPALIDAD DISTRITAL DE ACZO,7266.1,7559330.63,7,alto
MUNICIPALIDAD DISTRITAL DE BAJO BIAVO,7260.1,43292268.410000004,9,alto
MUNICIPALIDAD DISTRITAL DE HONORIA,7245.0,10319869.45,7,alto
PROGRAMA AGUA SEGURA PARA LIMA Y CALLAO,7189.1,345217420.18000007,13,alto
MUNICIPALIDAD DISTRITAL DE CONGALLA,7110.2,21423248.13,8,alto
MUNICIPALIDAD DISTRITAL DE LOCROJA,7101.4,14350122.54,9,alto
MUNICIPALIDAD DISTRITAL DE HUANCAN,7097.5,7829877.8,5,alto
UNIDAD DE GESTION EDUCATIVA LOCAL UGEL 07 - SAN BORJA,7068.7,7750260.32,5,alto
MUNICIPALIDAD DISTRITAL DE FLORIDA - POMACOCHAS,7052.2,6141028.49,7,alto
MUNICIPALIDAD DISTRITAL DE MACARI,7051.7,6921215.58,7,alto
MUNICIPALIDAD DISTRITAL DE VICCO,7041.6,18593528.25,8,alto
MUNICIPALIDAD DISTRITAL DE CUPI,7029.1,10103638.49,5,alto
MUNICIPALIDAD DISTRITAL DE HUANZA,6996.7,3360012.2,7,alto
MUNICIPALIDAD DISTRITAL DE BREÑA,6960.8,16353695.43,7,alto
GOBIERNO REGIONAL DE LIMA-UNIDAD EJECUTORA LIMA SUR,6939.8,80228648.1,8,alto
MUNICIPALIDAD DISTRITAL DE HUAYLLAN,6904.5,10432412.250000002,7,alto
MUNICIPALIDAD DISTRITAL DE CHINCHERO,6877.5,9025833.07,13,alto
MUNICIPALIDAD DISTRITAL DE PAPAYAL,6874.5,10216675.209999997,7,alto
MUNICIPALIDAD DISTRITAL DE CCAPACMARCA,6874.1,12709937.24,11,alto
PROGRAMA NACIONAL DE ASISTENCIA SOLIDARIA PENSION 65,6840.9,13856232.03,12,alto
MUNICIPALIDAD DISTRITAL DE ILLIMO,6834.9,10314350.42,6,alto
MEJORA DE LA CALIDAD DE SERVICIOS REGISTRALES - RENIEC,6830.7,14982638.450000001,25,alto
ZONA REGISTRAL N° XIII SEDE TACNA,6822.3,2693104.8,5,alto
MUNICIPALIDAD DISTRITAL DE POTONI,6745.1,7396141.07,12,alto
MTC - AUTORIDAD PORTUARIA NACIONAL,6745.1,21591706.39,13,alto
MUNICIPALIDAD DISTRITAL DE CANOAS DE PUNTA SAL,6741.2,8206126.41,8,alto
MUNICIPALIDAD DISTRITAL DE LAGUNAS - ALTO AMAZONAS,6696.4,9143900.5,8,alto
MUNICIPALIDAD DISTRITAL DE HUACHOS,6687.6,2036823.41,6,alto
MUNICIPALIDAD DISTRITAL DE PACHIA,6681.4,3020752.14,5,alto
MUNICIPALIDAD DISTRITAL DE HUARO,6649.0,15050405.270000001,12,alto
MUNICIPALIDAD PROVINCIAL DE TAHUAMANU - IÑAPARI,6637.9,57583750.489999995,14,alto
MUNICIPALIDAD DISTRITAL DE RAPAYAN,6631.1,18348048.740000002,9,alto
MUNICIPALIDAD DISTRITAL DE CONDORMARCA,6607.8,1916764.36,5,alto
MUNICIPALIDAD DISTRITAL DE SARAYACU,6563.8,16314928.36,8,alto
MUNICIPALIDAD DISTRITAL DE TOURNAVISTA,6536.0,6322938.11,9,alto
GOBIERNO REGIONAL DEL CALLAO - UNIDAD EJECUTORA 403 HOSPITAL DE VENTANILLA,6531.5,8299750.0,9,alto
MUNICIPALIDAD DISTRITAL DE CHUGUR,6525.6,3293706.5,5,alto
MUNICIPALIDAD DISTRITAL DE PUNTA HERMOSA,6522.9,10832284.45,11,alto
MUNICIPALIDAD DISTRITAL DE PULAN,6513.5,54696807.09,6,alto
MUNICIPALIDAD DISTRITAL DE KAÑARIS,6507.0,4609336.23,7,alto
MUNICIPALIDAD DISTRITAL DE SANTA EULALIA,6500.5,6591381.39,5,alto
MUNICIPALIDAD DISTRITAL DE AMOTAPE,6486.5,7089503.47,6,alto
MUNICIPALIDAD DISTRITAL DE RANRACANCHA,6475.1,8457294.14,8,alto
MUNICIPALIDAD DISTRITAL DE BELLAVISTA DE LA UNION,6470.3,2199599.13,5,alto
MUNICIPALIDAD DISTRITAL DE CRUCERO,6454.3,8160616.11,13,alto
MUNICIPALIDAD DISTRITAL DE TICLACAYAN,6419.8,9512117.56,7,alto
MUNICIPALIDAD DISTRITAL DE CUSIPATA,6383.7,19609871.64,13,alto
MUNICIPALIDAD DISTRITAL DE SAN RAFAEL - AMBO,6377.6,10735397.940000001,7,alto
GOBIERNO REGIONAL DE PASCO - UNIDAD EJECUTORA PASCO SELVA CENTRAL,6369.4,12305653.739999998,8,alto
MUNICIPALIDAD DISTRITAL DE HUANCARANI,6355.1,22989139.55,25,alto
MUNICIPALIDAD DISTRITAL DE PUCARA - JAEN,6348.8,4061929.21,8,alto
OFICINA DE NORMALIZACION PREVISIONAL,6332.0,131863480.94,39,alto
MUNICIPALIDAD DISTRITAL DE BELLAVISTA - SULLANA,6320.6,3976017.43,5,alto
MUNICIPALIDAD DISTRITAL DE SONDOR,6288.0,21000424.529999997,10,alto
MUNICIPALIDAD DISTRITAL DE MOLINOS - PACHITEA,6253.8,13508930.629999999,9,alto
MUNICIPALIDAD DISTRITAL DE EL CARMEN - CHURCAMPA,6170.7,5943501.6899999995,6,alto
MUNICIPALIDAD DISTRITAL DE HUAYLLATI,6141.1,1147081.01,5,alto
MUNICIPALIDAD DISTRITAL DE SANTO DOMINGO DE ACOBAMBA,6138.8,9183019.5,8,alto
MUNICIPALIDAD DISTRITAL DE LLALLI,6136.6,1505721.85,5,alto
GOBIERNO REGIONAL DE MADRE DE DIOS - PROYECTO ESPECIAL MADRE DE DIOS,6118.3,2054595.7,5,alto
MUNICIPALIDAD DISTRITAL DE HUAROCONDO,6117.3,3370448.91,7,alto
MUNICIPALIDAD DISTRITAL DE ASCENSION,6095.4,3050943.24,8,alto
UNIDAD EJECUTORA 002 INICTEL-UNI,6058.7,1995126.97,13,alto
MUNICIPALIDAD DISTRITAL DE SAN JOSE DE QUERO,6038.9,7774465.18,6,alto
MUNICIPALIDAD DISTRITAL DE BELLA UNION,6031.6,3934575.15,5,alto
GOBIERNO REGIONAL DE SAN MARTÍN - OFICINA ZONAL HUALLAGA CENTRAL,6019.6,142228240.76,10,alto
MUNICIPALIDAD DISTRITAL DE TURPAY,6010.9,3839397.23,6,alto
MUNICIPALIDAD DISTRITAL DE LAS PIRIAS,5983.6,34383760.68,9,alto
MUNICIPALIDAD DISTRITAL DE TAMBILLO,5982.6,10982756.56,6,alto
CONGRESO DE LA REPÚBLICA - IMPLEMENT. DEL MODELO DE LA INFRAESTRUC. Y FUNCIONAM. DE LA BICAMERALIDAD,5977.2,2108268.46,5,alto
MUNICIPALIDAD DISTRITAL DE HUAMBOS,5971.3,15686187.280000001,11,alto
MUNICIPALIDAD DISTRITAL DE LUYANDO,5965.1,11211186.92,10,alto
MUNICIPALIDAD DISTRITAL DE LLOQUE,5960.3,1321101.0,5,alto
MUNICIPALIDAD DISTRITAL DE HUACHOCOLPA - HUANCAVELICA,5948.9,15049399.540000001,10,alto
CORTE SUPERIOR DE JUSTICIA DE ANCASH,5948.8,5731081.52,5,alto
MUNICIPALIDAD DISTRITAL DE KISHUARA,5948.6,7295465.14,6,alto
MUNICIPALIDAD DISTRITAL DE LARIA,5940.3,834568.69,5,alto
MUNICIPALIDAD DISTRITAL DE LA LIBERTAD DE PALLAN,5900.3,3534100.6799999997,5,alto
GOBIERNO REGIONAL DE PIURA - HOSPITAL DE APOYO I NUESTRA SEÑORA DE LAS MERCEDES,5871.7,13081366.96,8,alto
MUNICIPALIDAD DISTRITAL DE CACERES DEL PERU,5867.0,4366852.21,5,alto
MUNICIPALIDAD DISTRITAL DE CAJARURO,5837.5,37703903.55,7,alto
MUNICIPALIDAD DISTRITAL DE SAN LUIS - CANETE,5836.6,1879066.27,5,alto
MINISTERIO PUBLICO - GERENCIA ADMINISTRATIVA DE AREQUIPA,5836.4,18369949.84,9,alto
MUNICIPALIDAD DISTRITAL DE LUCMA - GRAN CHIMU,5825.1,2027086.69,5,alto
MUNICIPALIDAD DISTRITAL DE LARES,5787.3,22367871.489999995,28,alto
MUNICIPALIDAD DISTRITAL DE SANTA MARIA DEL VALLE,5775.5,32554733.39,12,alto
CONTRALORIA GENERAL DE LA REPUBLICA,5763.9,11762302.600000001,22,alto
MUNICIPALIDAD PROVINCIAL DE SANDIA,5758.2,32415020.99,17,alto
MUNICIPALIDAD DISTRITAL ALEXANDER VON HUMBOLDT,5752.7,3976444.7,6,alto
MUNICIPALIDAD DISTRITAL DE SALLIQUE,5747.0,13965009.92,9,alto
MUNICIPALIDAD DISTRITAL DE JEQUETEPEQUE,5729.8,5224577.59,7,alto
MUNICIPALIDAD DISTRITAL DE NAMORA,5666.7,7399207.789999999,7,alto
UNIDAD EJECUTORA 003: FOMENTO AL CONSUMO HUMANO DIRECTO - A COMER PESCADO,5652.4,3293842.42,6,alto
MUNICIPALIDAD DISTRITAL DE LA MERCED - AIJA,5592.4,12230478.370000001,9,alto
MUNICIPALIDAD DISTRITAL DE GREGORIO PITA PAUCAMARCA,5583.9,4674543.26,7,alto
MUNICIPALIDAD DISTRITAL DE QUEROCOTILLO,5567.6,42966344.0,6,alto
MUNICIPALIDAD DISTRITAL DE SANTO DOMINGO DE LA CAPILLA,5558.2,27028424.4,9,alto
UNIVERSIDAD NACIONAL DE JULIACA,5530.2,78509516.66,29,alto
GOBIERNO REGIONAL DE LAMBAYEQUE - GERENCIA REGIONAL DE AGRICULTURA LAMBAYEQUE,5524.9,60180991.879999995,15,alto
MUNICIPALIDAD DISTRITAL DE HUAYLLACAYAN,5524.8,6345704.97,5,alto
MUNICIPALIDAD DISTRITAL DE CAICAY,5507.4,1103095.5,5,alto
GOBIERNO REGIONAL DE PASCO - DIRECCION  REGIONAL  DE TRANSPORTES Y COMUNICACIONES,5503.9,52494410.57,21,alto
AGENCIA DE PROMOCION DE LA INVERSION PRIVADA - PROINVERSION,5496.7,28468780.54,39,alto
MUNICIPALIDAD DISTRITAL DE TABACONAS,5492.1,14897302.27,9,alto
MUNICIPALIDAD DISTRITAL DE PAZOS,5483.9,15984694.3,9,alto
MUNICIPALIDAD DISTRITAL DE CHORAS,5475.8,13343058.19,7,alto
MUNICIPALIDAD DISTRITAL DE SAN ANTONIO DE CUSICANCHA,5471.9,3356744.85,5,alto
MUNICIPALIDAD DISTRITAL DE EL ESLABON,5457.2,28360589.56,6,alto
MUNICIPALIDAD DISTRITAL DE SAN PEDRO DE CHUNAN,5439.9,4603990.74,7,alto
GOBIERNO REGIONAL DE JUNIN - UNIDAD TERRITORIAL DE SALUD JAUJA,5438.4,7262486.77,23,alto
MUNICIPALIDAD DISTRITAL DE CAMPORREDONDO,5431.1,1982621.6199999999,7,alto
MUNICIPALIDAD DISTRITAL DE LA RAMADA,5406.3,1759826.61,6,alto
MUNICIPALIDAD DISTRITAL DE ALTO TAPICHE,5398.6,5036543.37,7,alto
MUNICIPALIDAD DISTRITAL DE PATAPO,5352.3,3940030.75,5,alto
MUNICIPALIDAD DISTRITAL DE ZAPATERO,5344.3,7147749.24,8,alto
MUNICIPALIDAD DISTRITAL DE TORRES CAUSANA,5332.6,13034699.88,6,alto
ZONA REGISTRAL N° VIII SEDE HUANCAYO,5331.4,8283070.28,9,alto
MUNICIPALIDAD DISTRITAL DE PHARA,5315.6,9644762.49,14,alto
MUNICIPALIDAD DISTRITAL DE VICHAYAL,5312.9,5847086.409999999,7,alto
MUNICIPALIDAD PROVINCIAL DE HUARI,5309.2,102148388.87,61,alto
CORTE SUPERIOR DE JUSTICIA DE APURIMAC,5305.3,2495552.0,5,alto
MUNICIPALIDAD DISTRITAL DE VIZCATAN DEL ENE,5284.8,7241621.36,9,alto
GOBIERNO REGIONAL DE SAN MARTIN - ALTO HUALLAGA TOCACHE,5277.0,29435659.48,15,alto
MUNICIPALIDAD DISTRITAL DE LAMBRAS,5271.9,6029831.7,9,alto
MUNICIPALIDAD DISTRITAL DE CHANCAY BAÑOS,5260.0,6454265.22,6,alto
MUNICIPALIDAD DISTRITAL DE INDEPENDENCIA - VILCASHUAMAN,5223.1,4913369.13,5,alto
MUNICIPALIDAD DISTRITAL DE DANIEL HERNANDEZ,5219.7,11160111.59,10,alto
MUNICIPALIDAD DISTRITAL DE SAN MARTIN DE PORRES,5216.3,196274965.32999998,59,alto
MUNICIPALIDAD DISTRITAL DE SALPO,5209.0,27753025.92,5,alto
MUNICIPALIDAD DISTRITAL DE NUEVO IMPERIAL,5203.9,49042270.26,14,alto
MUNICIPALIDAD DISTRITAL DE INKAWASI,5200.0,18105995.09,28,alto
MUNICIPALIDAD DISTRITAL DE COISHCO,5192.9,23560359.18,12,alto
GOBIERNO REGIONAL DEL CALLAO - HOSPITAL DANIEL ALCIDES CARRION,5171.6,11138610.870000001,5,alto
MUNICIPALIDAD DISTRITAL DE NEPEÑA,5159.8,9959845.25,6,alto
MUNICIPALIDAD DISTRITAL DE MOLLEPATA - SANTIAGO DE CHUCO,5147.3,5769690.57,5,alto
MUNICIPALIDAD PROVINCIAL DE PUERTO INCA,5142.7,42992583.04000001,24,alto
MUNICIPALIDAD DISTRITAL DE SAN FRANCISCO,5134.3,17759997.43,10,alto
MUNICIPALIDAD DISTRITAL DE PARIAHUANCA - HUANCAYO,5133.8,1426129.43,6,alto
MUNICIPALIDAD DISTRITAL DE OYOTUN,5124.2,16074923.680000002,8,alto
MUNICIPALIDAD DISTRITAL DE CAMINACA,5112.4,3135968.7800000003,7,alto
UNIDAD DE GESTION EDUCATIVA LOCAL UGEL 06 - VITARTE,5112.4,18378045.85,12,alto
MUNICIPALIDAD DISTRITAL DE JAZAN,5106.5,33138531.03,9,alto
MUNICIPALIDAD DISTRITAL DE MOLLEBAMBA,5085.8,6732577.57,5,alto
MUNICIPALIDAD DISTRITAL DE HUANCHACO,5081.0,12359734.080000002,11,alto
MUNICIPALIDAD DISTRITAL DE SHILLA,5070.7,1245146.0,6,alto
MUNICIPALIDAD DISTRITAL DE RAGASH,5067.8,3324942.33,6,alto
MUNICIPALIDAD DISTRITAL DE HUAYUCACHI,5057.0,25330046.419999998,6,alto
UNIVERSIDAD NACIONAL AUTONOMA DE HUANTA,5039.6,22056246.240000002,11,alto
MUNICIPALIDAD DISTRITAL DE COLQUEPATA,5031.3,13414006.870000001,16,alto
MUNICIPALIDAD DISTRITAL DE URARINAS,5030.6,19789033.05,6,alto
MINISTERIO DE EDUCACION,5024.8,11642587.569999998,13,alto
MUNICIPALIDAD DISTRITAL DE SAN ANTONIO DE CACHI,5020.0,6071320.99,6,alto
SUPERINTENDENCIA NACIONAL DE EDUCACION SUPERIOR UNIVERSITARIA,5016.5,9050959.370000001,15,alto
MUNICIPALIDAD DISTRITAL DE KICHKI,5012.3,14302377.469999999,8,alto
ZONA REGISTRAL N° III SEDE MOYOBAMBA,5003.6,4742589.23,7,alto
MUNICIPALIDAD DISTRITAL DE LAYO,5003.4,34449744.9,13,alto
MUNICIPALIDAD DISTRITAL DE QUINUA,4998.4,5294386.9399999995,7,alto
MUNICIPALIDAD DISTRITAL DE OCOBAMBA - CHINCHEROS,4994.1,6145672.23,12,alto
MUNICIPALIDAD DISTRITAL DE AGUA BLANCA,4981.2,2398209.3400000003,6,alto
MUNICIPALIDAD DISTRITAL DE HUARANGO,4970.1,22634126.88,10,alto
MUNICIPALIDAD DISTRITAL DE PARARIN,4963.4,12173734.87,8,alto
MUNICIPALIDAD DISTRITAL DE YANATILE,4963.2,12862658.759999998,16,alto
ZONA REGISTRAL N° XII SEDE AREQUIPA,4954.6,6302015.210000001,9,alto
CONTRALORÍA GENERAL - GESTIÓN DE PROYECTOS Y FORTALECIMIENTO DE CAPACIDADES,4909.8,17877914.0,31,alto
MUNICIPALIDAD DISTRITAL DE DEAN VALDIVIA,4899.5,2356838.92,6,alto
ZONA REGISTRAL N° VII SEDE HUARAZ,4897.2,7844679.59,6,alto
MUNICIPALIDAD DISTRITAL DE SANTIAGO DE CHALLAS,4875.2,3501329.34,6,alto
MUNICIPALIDAD DISTRITAL DE SECCLLA,4867.9,4048682.08,11,alto
MUNICIPALIDAD DISTRITAL DE TUMAN,4861.6,5858013.129999999,9,alto
GOBIERNO REGIONAL DE LAMBAYEQUE - PROYECTO ESPECIAL OLMOS - TINAJONES,4843.1,80358953.45,19,alto
ZONA REGISTRAL N° VI SEDE PUCALLPA,4838.7,2293690.75,5,alto
MUNICIPALIDAD DISTRITAL DE PALCA - HUANCAVELICA,4838.5,20465783.229999997,8,alto
SIERRA EXPORTADORA,4826.5,10742907.799999999,14,alto
MUNICIPALIDAD DISTRITAL DE CCOCHACCASA,4819.9,36770232.160000004,16,alto
INPE - OFICINA REGIONAL SUR AREQUIPA,4801.3,15459681.5,6,alto
MUNICIPALIDAD DISTRITAL DE MACHE,4797.5,13368779.090000002,7,alto
MUNICIPALIDAD DISTRITAL DE NUEVA REQUENA,4794.0,7562541.36,8,alto
GOBIERNO REGIONAL DE TUMBES - DIRECCION REGIONAL AGRARIA TUMBES,4785.8,5553449.800000001,6,alto
MUNICIPALIDAD DISTRITAL DE PACCHA - YAULI,4782.0,4405516.95,6,alto
MUNICIPALIDAD DISTRITAL DE MARCA,4781.1,6495040.529999999,7,alto
MUNICIPALIDAD DISTRITAL DE SAN BARTOLO,4778.7,972689.8999999999,5,alto
SERVICIOS DE SANEAMIENTO TUMBES,4773.8,2206371.38,6,alto
MUNICIPALIDAD PROVINCIAL DE URUBAMBA,4770.8,28284728.76,40,alto
MUNICIPALIDAD DISTRITAL DE SAN BERNARDINO,4731.3,41553379.98,14,alto
GOBIERNO REGIONAL DE TACNA-AGRICULTURA,4701.3,2713684.0,5,alto
MUNICIPALIDAD DISTRITAL DE MORROPON,4697.0,17281898.14,5,alto
DIRECCION DE ECONOMIA Y FINANZAS DE LA POLICIA NACIONAL DEL PERU - PNP,4696.6,852520829.6,49,alto
MUNICIPALIDAD DISTRITAL DE UCHURACCAY,4689.0,14074293.8,7,alto
MUNICIPALIDAD DISTRITAL DE JACAS CHICO,4683.5,2314680.0,5,alto
MUNICIPALIDAD PROVINCIAL DE BAGUA,4679.2,45055278.45,24,alto
GOBIERNO REGIONAL DE PIURA - INSTITUTOS SUPERIORES DE EDUCACION PUBLICA REGIONAL DE PIURA,4674.9,85747267.89,7,alto
MUNICIPALIDAD DISTRITAL DE HUACCANA,4667.8,4116990.07,8,alto
MUNICIPALIDAD DISTRITAL DE POLVORA,4661.7,11787286.0,14,alto
MUNICIPALIDAD DISTRITAL DE SANTA LUCIA - LAMPA,4656.0,36139133.17,8,alto
MUNICIPALIDAD DISTRITAL DE SANTIAGO DE TUCUMA,4634.8,17322332.77,5,alto
GOBIERNO REGIONAL DE AMAZONAS - UNIDAD EJECUTORA PROAMAZONAS,4632.3,39099895.84,7,alto
MUNICIPALIDAD DISTRITAL DE ANCO - LA MAR,4631.8,7007868.9399999995,13,alto
MUNICIPALIDAD DISTRITAL DE IGNACIO ESCUDERO,4627.0,11531772.989999998,9,alto
MUNICIPALIDAD DISTRITAL DE YAMON,4625.5,4172659.3899999997,5,alto
MUNICIPALIDAD DISTRITAL DE HUATA - PUNO,4611.5,2148999.75,6,alto
GOBIERNO REGIONAL DE PUNO-SALUD PUNO-LAMPA,4600.8,1274771.2,5,alto
UNIVERSIDAD NACIONAL MAYOR DE SAN MARCOS,4600.7,51446608.199999996,62,alto
MUNICIPALIDAD DISTRITAL DE MAGDALENA - CAJAMARCA,4598.6,7293649.209999999,7,alto
MUNICIPALIDAD DISTRITAL DE JOSE SABOGAL,4593.4,4132724.9399999995,7,alto
INPE-OFICINA GENERAL DE INFRAESTRUCTURA,4589.1,347124015.98,20,alto
MUNICIPALIDAD DISTRITAL DE CODO DE POZUZO,4588.1,9460408.950000001,15,alto
"SUPERINTENDENCIA DE BANCA, SEGUROS Y AFP",4582.8,72733500.66000001,84,alto
MUNICIPALIDAD DISTRITAL DE CAMPO VERDE,4573.9,5009738.78,11,alto
MUNICIPALIDAD DISTRITAL DE VICTOR LARCO HERRERA,4571.4,32054457.73,10,alto
MUNICIPALIDAD DISTRITAL DE ZAÑA,4568.2,28652543.15,7,alto
PROGRAMA MEJORAMIENTO DE LOS SERVICIOS DE JUSTICIA EN MATERIA PENAL EN EL PERÚ,4567.4,3282499.31,19,alto
CORTE SUPERIOR DE JUSTICIA DE HUANUCO,4552.9,5060503.6899999995,11,alto
MUNICIPALIDAD DISTRITAL DE PUCARA - HUANCAYO,4543.3,9286352.33,5,alto
MUNICIPALIDAD DISTRITAL DE SAMUGARI,4500.6,46795998.84,10,alto
GOBIERNO REGIONAL DE LA LIBERTAD-SALUD UTES PACASMAYO,4493.0,3172808.7600000002,6,alto
MUNICIPALIDAD DISTRITAL DE CHALAMARCA,4472.7,11265068.05,11,alto
MUNICIPALIDAD DISTRITAL DE ACORA,4465.1,10833614.91,18,alto
MUNICIPALIDAD DISTRITAL DE MIRAFLORES - HUAMALIES,4463.3,11279635.68,10,alto
MUNICIPALIDAD DISTRITAL DE CHACABAMBA,4460.3,7821991.99,6,alto
MUNICIPALIDAD DISTRITAL DE LANCONES,4447.9,13353394.33,15,alto
MUNICIPALIDAD DISTRITAL DE QUICHES,4445.7,21897584.590000004,7,alto
GOBIERNO REGIONAL DE AYACUCHO - UNIDAD EJECUTORA SALUD CENTRO AYACUCHO,4444.8,7881157.130000001,11,alto
MUNICIPALIDAD DISTRITAL DE PARAS,4439.4,13430083.920000002,10,alto
MUNICIPALIDAD DISTRITAL DE MANUEL ANTONIO MESONES MURO,4435.5,1603846.88,6,alto
MUNICIPALIDAD DISTRITAL DE SAYAPULLO,4414.4,4034895.7800000003,6,alto
MUNICIPALIDAD PROVINCIAL DE CONTUMAZA,4411.5,7069328.960000001,18,alto
MUNICIPALIDAD PROVINCIAL DE AYABACA,4406.2,75492518.14,41,alto
MUNICIPALIDAD DISTRITAL DE COLCABAMBA - TAYACAJA,4398.4,26710478.57,15,alto
MUNICIPALIDAD DISTRITAL DE EL PORVENIR - TRUJILLO,4392.1,13944251.66,9,alto
MUNICIPALIDAD DISTRITAL DE SANTILLANA,4389.4,9643746.41,9,alto
MUNICIPALIDAD DISTRITAL DE HUANDO,4381.1,35313661.31,13,alto
MUNICIPALIDAD DISTRITAL DE SANTA BARBARA DE CARHUACAYAN,4379.2,1224840.31,5,alto
GOBIERNO REGIONAL DE SAN MARTIN - PROYECTO ESPECIAL ALTO MAYO,4376.9,51893155.67999999,16,alto
MUNICIPALIDAD DISTRITAL DE ACRAQUIA,4356.6,8045940.98,6,alto
MUNICIPALIDAD DISTRITAL DE CHAMACA,4353.3,79060189.28,19,alto
MUNICIPALIDAD DISTRITAL DE JACAS GRANDE,4351.2,6523403.31,8,alto
INSTITUTO DE MEDICINA LEGAL Y CIENCIAS FORENSES,4335.5,6392386.79,15,alto
MUNICIPALIDAD DISTRITAL DE PACAIPAMPA,4328.9,25477502.22,10,alto
MUNICIPALIDAD DISTRITAL DE OCROS,4325.3,89223065.19,11,alto
FONDO MUNICIPAL DE INVERSIONES DEL CALLAO,4321.7,22794519.01,8,alto
MUNICIPALIDAD DISTRITAL DE LOS ORGANOS,4309.9,2224312.43,5,alto
MUNICIPALIDAD DISTRITAL DE TUPAC AMARU,4287.3,2752415.91,7,alto
MUNICIPALIDAD DISTRITAL DE COPALLIN,4285.3,4859641.08,7,alto
MUNICIPALIDAD DISTRITAL DE EL PORVENIR - SAN MARTIN,4280.0,1648130.5999999999,6,alto
MUNICIPALIDAD DISTRITAL DE MOLINOS - JAUJA,4274.5,1724707.5699999998,5,alto
MUNICIPALIDAD DISTRITAL DE ACOCRO,4269.7,21844456.05,6,alto
MUNICIPALIDAD DISTRITAL DE ANDAYMARCA,4262.3,15285442.559999999,8,alto
MUNICIPALIDAD DISTRITAL DE TAURIJA,4247.8,3303477.64,5,alto
MUNICIPALIDAD DISTRITAL DE SANTA ROSA - JAEN,4236.3,104754560.36,14,alto
MUNICIPALIDAD DISTRITAL DE CHALACO,4232.7,14553468.780000001,9,alto
MUNICIPALIDAD DISTRITAL DE ALCAMENCA,4231.1,25882289.880000003,7,alto
MUNICIPALIDAD DISTRITAL DE ORONCCOY,4226.6,9992124.120000001,8,alto
MUNICIPALIDAD DISTRITAL DE COLASAY,4213.1,23536931.69,12,alto
