proveedor,n_adjudicaciones,monto_total,pct_del_total
J Y S SERVICIOS GENERALES SOCIEDAD ANONIMA CERRADA ¿ J Y S SERVICIOS GENERALES SAC,1,1111909484.19,1.539
CONSORCIO SAN JUAN,48,1107905067.02,1.533
"SINOHYDRO CORPORATION LIMITED, SUCURSAL DEL PERU",3,1031650990.0,1.428
VIETTEL  PERU  S.A.C.,17,751591219.77,1.04
CONSORCIO HUASCARAN,10,690414841.29,0.956
CONSORCIO HOSPITALARIO CHOTA,1,598800820.99,0.829
PETROLEOS DEL PERU S.A.,4,579163564.84,0.802
CONSORCIO SAN FELIPE,7,476770077.61,0.66
CONSORCIO HOSPITALARIO MANCHAY,1,467794135.53,0.647
CONSORCIO HOSPITAL ARAKAKI,2,413396563.08,0.572
AMERICA MOVIL PERU S.A.C.,87,357859352.27,0.495
CONSORCIO SANTA FE,11,306684695.38,0.424
CONSORCIO 35V,1,306024853.89,0.424
CORPORACION LINDLEY S.A.,1,291472083.62,0.403
CONSORCIO VIAL CORDILLERA BLANCA,1,282305379.16,0.391
CONSORCIO VIAL HUANDOY,1,277863785.56,0.385
CONSORCIO PUNO,9,273886107.57,0.379
CONSORCIO VIAL HUARI,1,273242908.25,0.378
CONSORCIO KABSA,1,264436693.86,0.366
CONSORCIO INGENIERIA DIAMANTE - GA,1,262001446.71,0.363
CONSORCIO CORREDOR VIAL SANTA TERESA,1,257607557.0,0.357
CONSORCIO LIMA,25,233602864.12,0.323
CONSORCIO VIAL CUSCO,3,231731550.13,0.321
CONSORCIO RIJ,1,226736750.83,0.314
CONSORCIO TOM,1,224940297.38,0.311
CONSORCIO VIADUCTO BEGONIAS,1,224533398.58,0.311
CONSORCIO ZACHARY SMITH,1,222950800.0,0.309
CONSORCIO HOSPITALARIO ZACARIAS,1,221165658.64,0.306
"SUMEC COMPLETE EQUIPMENT & ENGINEERING CO., LTD SUCURSAL DEL PERU",2,220988000.0,0.306
CONSORCIO VIAL BEGONIAS,1,212624243.91,0.294
CONSORCIO OCROS,1,209312182.39,0.29
CONSORCIO DIMAQ,1,208016225.0,0.288
CONSORCIO HOSPITAL VIRU,1,194104580.82,0.269
CONSORCIO SAN SEBASTIAN,6,193332276.74,0.268
CONSORCIO EJECUTOR PENAL AREQUIPA,1,192319950.67,0.266
CONSORCIO EPIURA,1,192204466.3,0.266
CONSORCIO MARAÑON,14,187530550.39,0.26
CONSORCIO VIAL SUIZA,1,186613871.1,0.258
CONSORCIO MAJES 4,1,185814715.46,0.257
CONSORCIO VIAL YURA,1,176723519.15,0.245
CONSORCIO VIAL SANTA INES,1,174479094.95,0.242
CONSORCIO SANTA ROSA,70,173476094.28,0.24
GECI ESPAÑOLA AEROSPACE SOLUTIONS SA,1,172557000.0,0.239
CONSORCIO ANTONIO RAYMONDI,1,170762102.98,0.236
ROLOPOM CORPORIS II,1,167586691.15,0.232
CONSORCIO BRONTES,1,167542127.9,0.232
CONSORCIO PROTECCION Y RESGUARDO S.A. - PROTEGE SERVICIOS S.A.,7,162379126.32,0.225
CONSORCIO HOSPITALARIO REQUENA,1,162000000.0,0.224
TECNOLOGIAS ECOLOGICAS PRISMA SAC,6,161781495.3,0.224
CONSORCIO PP 911,1,157898688.14,0.219
CONSORCIO RIO BRANCO SUR,1,155408189.93,0.215
CONSORCIO SAN MIGUEL,39,149098605.1,0.206
CONSORCIO SALUD SANTA CRUZ,2,147815212.3,0.205
CONSORCIO CENEPA ASOCIADOS,1,145797814.83,0.202
WIN EMPRESAS S.A.C.,36,144634965.13,0.2
INVERSIONES QUINTA HEEREN S.A.,1,135908082.82,0.188
RIPCONCIV CONSTRUCCIONES CIVILES CIA LTDA SUCURSAL DEL PERU,2,135791670.06,0.188
CONSORCIO PENAL PUCALLPA,1,134922238.17,0.187
GENUS SVC S.A.C.,1,134238202.34,0.186
CONSORCIO CONSTRUCTOR LAMPA,1,132230894.54,0.183
CHINA GEZHOUBA GROUP COMPANY LIMITED SUCURSAL PERU,1,127879218.39,0.177
CONSORCIO SAN JOSE,23,125301119.01,0.173
INDUSTRIAS ARGUELLES Y SERVICIOS GENERALES SOCIEDAD ANONIMA CERRADA,3,124380823.0,0.172
CONSORCIO VIAL SANTO TOMAS II,1,124200000.0,0.172
CONSORCIO TAMBOGRANDE,4,123804137.7,0.171
GRUPO SANTA FE SOCIEDAD ANONIMA CERRADA - GRUPO SANTA FE S.A.C.,518,121738071.66,0.169
XERTICA LABS SOCIEDAD ANONIMA CERRADA - XERTICA LABS S.A.C.,12,119957806.38,0.166
CONSORCIO YUNKA YACHAY,1,119610356.4,0.166
GRUPO FER. CONS SOCIEDAD ANONIMA CERRADA,18,115300014.16,0.16
CORPORACION DIAMANTE JUBERS S.A.C.,1,112985194.08,0.156
CONSORCIO ELÉCTRICO MADRE DE DIOS,1,112433283.95,0.156
CONSORCIO PRIALE,2,111043751.14,0.154
CONSORCIO VIAL BICENTENARIO,1,110582521.31,0.153
CONSORCIO TRUJILLO,14,109461391.66,0.152
CONSORCIO VIAL EL DORADO,2,108030301.86,0.15
CONSORCIO ARGOS,5,107047739.14,0.148
CONSORCIO SALUD CHACHAPOYAS,1,106465512.83,0.147
CONSORCIO VIAL CHICAMA,1,104437569.67,0.145
HANNOVER RÜCK SE,1,103999524.27,0.144
CONSORCIO NAPOLEON,1,102864927.67,0.142
CONSORCIO INGENIERIA DIAMANTE,2,102644038.94,0.142
CONSORCIO MARCONA SEGURO,1,100486525.44,0.139
CONSORCIO FORTALEZA,19,99799561.5,0.138
CONSORCIO GURKAS SAC,11,99787223.75,0.138
CONSORCIO INNOVACION ELECTRICA,1,99775631.8,0.138
CONSORCIO SALUD HUANCA SANCOS II,1,99620411.21,0.138
TELEFÓNICA TECH PERÚ S.A.C.,4,99362474.48,0.138
CORPORACION PERUANA DE ALIMENTOS VILLEGAS S.A.C.,8,96541593.51,0.134
CONSORCIO VIAL CAYLLOMA,1,95672236.76,0.132
MERCK SHARP & DOHME PERU S.R.L.,1,95460000.0,0.132
CONSORCIO EDUCATIVO MACEDO,2,95429342.26,0.132
CONSORCIO SAN FRANCISCO DE ASIS,1,95407888.88,0.132
AVANZADA TECNOLOGIA Y SERVICIOS S.A.C,2,94946311.61,0.131
DIAGNOSTICA PERUANA S.A.C.,124,94147542.0,0.13
CONSORCIO PIURA,9,94060655.43,0.13
CONSTRUCTORA E INMOBILIARIA ENSAMAR S.R.L.,7,92014234.79,0.127
CONSORCIO GRECO,1,91792356.36,0.127
CONSORCIO NORTE,21,90558019.49,0.125
FABRICA DE ARMAS Y MUNICIONES DEL EJERCITO SAC - FAME SAC,6,88148050.2,0.122
CONSORCIO INGENIEROS,19,87904182.82,0.122
