metodo_detalle,periodo,n,pct_postor_unico
ADJUDICACIÓN ABREVIADA,2025-01,18,83.33
ADJUDICACIÓN SELECTIVA,2025-01,2,50.0
ADJUDICACIÓN SIMPLIFICADA,2025-01,564,1.77
ADJUDICACIÓN SIMPLIFICADA-HOMOLOGACIÓN,2025-01,1,100.0
COMPARACIÓN DE PRECIOS,2025-01,74,0.0
CONCURSO PÚBLICO,2025-01,54,0.0
CONTRATACIÓN DIRECTA,2025-01,58,81.03
CONTRATACIÓN INTERNACIONAL,2025-01,1,100.0
CONVENIO,2025-01,82,70.73
LICITACIÓN PÚBLICA,2025-01,50,0.0
PROCEDIMIENTO ESPECIAL DE CONTRATACIÓN,2025-01,1,0.0
REGÍMEN ESPECIAL,2025-01,4,25.0
SUBASTA INVERSA ELECTRÓNICA,2025-01,204,1.47
ADJUDICACIÓN ABREVIADA,2025-02,16,87.5
ADJUDICACIÓN SELECTIVA,2025-02,16,18.75
ADJUDICACIÓN SIMPLIFICADA,2025-02,2153,1.86
ADJUDICACIÓN SIMPLIFICADA-HOMOLOGACIÓN,2025-02,27,0.0
COMPARACIÓN DE PRECIOS,2025-02,323,2.79
CONCURSO PÚBLICO,2025-02,188,0.0
CONTRATACIÓN DIRECTA,2025-02,161,86.96
CONTRATACIÓN INTERNACIONAL,2025-02,5,100.0
CONVENIO,2025-02,104,56.73
LICITACIÓN PÚBLICA,2025-02,174,0.0
PROCEDIMIENTO ESPECIAL DE CONTRATACIÓN,2025-02,5,0.0
PROCEDIMIENTO ESPECIAL DE CONTRATACIÓN-NUEVA CONVOCATORIA POR DESIERTO,2025-02,6,0.0
REGÍMEN ESPECIAL,2025-02,401,98.5
SUBASTA INVERSA ELECTRÓNICA,2025-02,942,1.59
ADJUDICACIÓN ABREVIADA,2025-03,16,100.0
ADJUDICACIÓN SELECTIVA,2025-03,21,14.29
ADJUDICACIÓN SIMPLIFICADA,2025-03,3943,1.29
ADJUDICACIÓN SIMPLIFICADA-HOMOLOGACIÓN,2025-03,64,1.56
COMPARACIÓN DE PRECIOS,2025-03,461,0.22
CONCURSO PÚBLICO,2025-03,271,0.74
CONTRATACIÓN DIRECTA,2025-03,295,89.15
CONTRATACIÓN INTERNACIONAL,2025-03,26,96.15
CONVENIO,2025-03,105,47.62
LICITACIÓN PÚBLICA,2025-03,268,0.0
PROCEDIMIENTO ESPECIAL DE CONTRATACIÓN,2025-03,6,0.0
PROCEDIMIENTO ESPECIAL DE CONTRATACIÓN-NUEVA CONVOCATORIA POR DESIERTO,2025-03,5,0.0
REGÍMEN ESPECIAL,2025-03,491,96.95
SUBASTA INVERSA ELECTRÓNICA,2025-03,1159,1.47
ADJUDICACIÓN ABREVIADA,2025-04,35,100.0
ADJUDICACIÓN PARA CONTRATO MARCO,2025-04,1,0.0
ADJUDICACIÓN SELECTIVA,2025-04,40,10.0
ADJUDICACIÓN SIMPLIFICADA,2025-04,5075,1.28
ADJUDICACIÓN SIMPLIFICADA-HOMOLOGACIÓN,2025-04,59,1.69
COMPARACIÓN DE PRECIOS,2025-04,343,2.04
CONCURSO PÚBLICO,2025-04,555,0.36
CONCURSO PÚBLICO ABREVIADO,2025-04,80,0.0
CONCURSO PÚBLICO ABREVIADO SÉPTIMA DCF LEY N°32069,2025-04,1,0.0
CONCURSO PÚBLICO DE SERVICIOS,2025-04,22,0.0
CONCURSO PÚBLICO PARA CONSULTORÍA,2025-04,1,0.0
CONTRATACIÓN DIRECTA,2025-04,416,89.18
CONTRATACIÓN INTERNACIONAL,2025-04,21,100.0
CONVENIO,2025-04,84,51.19
LICITACIÓN PÚBLICA,2025-04,506,0.0
LICITACIÓN PÚBLICA ABREVIADA,2025-04,13,7.69
PROCEDIMIENTO ESPECIAL DE CONTRATACIÓN,2025-04,25,0.0
PROCEDIMIENTO ESPECIAL DE CONTRATACIÓN-NUEVA CONVOCATORIA POR DESIERTO,2025-04,1,0.0
REGÍMEN ESPECIAL,2025-04,44,43.18
SELECCIÓN DE CONSULTORES INDIVIDUALES,2025-04,2,0.0
SUBASTA INVERSA ELECTRÓNICA,2025-04,863,1.74
ADJUDICACIÓN ABREVIADA,2025-05,26,92.31
ADJUDICACIÓN SELECTIVA,2025-05,27,7.41
ADJUDICACIÓN SIMPLIFICADA,2025-05,837,0.24
ADJUDICACIÓN SIMPLIFICADA-HOMOLOGACIÓN,2025-05,19,5.26
COMPARACIÓN DE PRECIOS,2025-05,199,0.5
CONCURSO PÚBLICO ABREVIADO,2025-05,425,0.47
CONCURSO PÚBLICO ABREVIADO HOMOLOGACIÓN,2025-05,7,0.0
CONCURSO PÚBLICO ABREVIADO SÉPTIMA DCF LEY N°32069,2025-05,8,0.0
CONCURSO PÚBLICO DE SERVICIOS,2025-05,62,0.0
CONCURSO PÚBLICO PARA CONSULTORÍA,2025-05,32,0.0
CONTRATACIÓN DIRECTA,2025-05,295,83.05
CONTRATACIÓN INTERNACIONAL,2025-05,23,100.0
CONVENIO,2025-05,103,53.4
LICITACIÓN PÚBLICA,2025-05,129,0.0
LICITACIÓN PÚBLICA ABREVIADA,2025-05,440,1.59
LICITACIÓN PÚBLICA ABREVIADA HOMOLOGACIÓN,2025-05,3,0.0
PROCEDIMIENTO ESPECIAL DE CONTRATACIÓN,2025-05,8,0.0
PROCEDIMIENTO ESPECIAL DE CONTRATACIÓN-NUEVA CONVOCATORIA POR DESIERTO,2025-05,5,0.0
REGÍMEN ESPECIAL,2025-05,60,61.67
SUBASTA INVERSA ELECTRÓNICA,2025-05,440,0.45
ADJUDICACIÓN ABREVIADA,2025-06,23,100.0
ADJUDICACIÓN PARA CONTRATO MARCO,2025-06,2,0.0
ADJUDICACIÓN SELECTIVA,2025-06,40,12.5
ADJUDICACIÓN SIMPLIFICADA,2025-06,533,1.88
ADJUDICACIÓN SIMPLIFICADA-HOMOLOGACIÓN,2025-06,11,0.0
COMPARACIÓN DE PRECIOS,2025-06,433,0.0
CONCURSO PÚBLICO ABREVIADO,2025-06,1108,1.9
CONCURSO PÚBLICO ABREVIADO HOMOLOGACIÓN,2025-06,18,0.0
CONCURSO PÚBLICO ABREVIADO SÉPTIMA DCF LEY N°32069,2025-06,1,0.0
CONCURSO PÚBLICO DE SERVICIOS,2025-06,203,0.0
CONCURSO PÚBLICO PARA CONSULTORÍA,2025-06,69,0.0
CONTRATACIÓN DIRECTA,2025-06,390,89.74
CONTRATACIÓN INTERNACIONAL,2025-06,22,100.0
CONVENIO,2025-06,141,44.68
LICITACIÓN PÚBLICA,2025-06,291,0.0
LICITACIÓN PÚBLICA ABREVIADA,2025-06,1244,0.88
LICITACIÓN PÚBLICA ABREVIADA - LEY N°26859,2025-06,2,0.0
LICITACIÓN PÚBLICA ABREVIADA HOMOLOGACIÓN,2025-06,20,0.0
LICITACIÓN PÚBLICA ABREVIADA SÉPTIMA DCF LEY N°32069,2025-06,2,0.0
PROCEDIMIENTO ESPECIAL DE CONTRATACIÓN,2025-06,1,0.0
PROCEDIMIENTO ESPECIAL DE CONTRATACIÓN-NUEVA CONVOCATORIA POR DESIERTO,2025-06,2,0.0
REGÍMEN ESPECIAL,2025-06,53,35.85
SUBASTA INVERSA ELECTRÓNICA,2025-06,707,1.98
ADJUDICACIÓN ABREVIADA,2025-07,29,96.55
ADJUDICACIÓN SELECTIVA,2025-07,8,12.5
ADJUDICACIÓN SIMPLIFICADA,2025-07,285,2.11
ADJUDICACIÓN SIMPLIFICADA - SÉPTIMA DISPOSICIÓN COMPLEMENTARIA FINAL REG. LEY 30225,2025-07,1,0.0
ADJUDICACIÓN SIMPLIFICADA-HOMOLOGACIÓN,2025-07,8,12.5
COMPARACIÓN DE PRECIOS,2025-07,524,0.19
CONCURSO PÚBLICO ABREVIADO,2025-07,1624,2.03
CONCURSO PÚBLICO ABREVIADO - LEY N°26859,2025-07,4,0.0
CONCURSO PÚBLICO ABREVIADO HOMOLOGACIÓN,2025-07,8,0.0
CONCURSO PÚBLICO ABREVIADO SÉPTIMA DCF LEY N°32069,2025-07,1,0.0
CONCURSO PÚBLICO DE SERVICIOS,2025-07,312,0.32
CONCURSO PÚBLICO PARA CONSULTORÍA,2025-07,78,0.0
CONTRATACIÓN DIRECTA,2025-07,309,91.91
CONTRATACIÓN INTERNACIONAL,2025-07,23,100.0
CONTRATOS ESTANDARIZADOS,2025-07,2,0.0
CONVENIO,2025-07,131,50.38
LICITACIÓN PÚBLICA,2025-07,366,0.27
LICITACIÓN PÚBLICA ABREVIADA,2025-07,1731,0.75
LICITACIÓN PÚBLICA ABREVIADA - LEY N°26859,2025-07,3,0.0
LICITACIÓN PÚBLICA ABREVIADA HOMOLOGACIÓN,2025-07,6,0.0
PROCEDIMIENTO ESPECIAL DE CONTRATACIÓN,2025-07,4,0.0
PROCEDIMIENTO ESPECIAL DE CONTRATACIÓN-NUEVA CONVOCATORIA POR DESIERTO,2025-07,1,0.0
REGÍMEN ESPECIAL,2025-07,52,46.15
SUBASTA INVERSA ELECTRÓNICA,2025-07,787,1.91
ADJUDICACIÓN ABREVIADA,2025-08,32,96.88
ADJUDICACIÓN PARA CONTRATO MARCO,2025-08,1,0.0
ADJUDICACIÓN SELECTIVA,2025-08,12,0.0
ADJUDICACIÓN SIMPLIFICADA,2025-08,212,0.94
ADJUDICACIÓN SIMPLIFICADA-HOMOLOGACIÓN,2025-08,8,0.0
COMPARACIÓN DE PRECIOS,2025-08,507,0.0
CONCURSO PÚBLICO ABREVIADO,2025-08,1876,1.97
CONCURSO PÚBLICO ABREVIADO - LEY N°26859,2025-08,4,0.0
CONCURSO PÚBLICO ABREVIADO HOMOLOGACIÓN,2025-08,6,0.0
CONCURSO PÚBLICO DE SERVICIOS,2025-08,312,0.32
CONCURSO PÚBLICO PARA CONSULTORÍA,2025-08,102,0.0
CONTRATACIÓN DIRECTA,2025-08,365,96.16
CONTRATACIÓN INTERNACIONAL,2025-08,42,100.0
CONVENIO,2025-08,152,40.13
LICITACIÓN PÚBLICA,2025-08,389,1.03
LICITACIÓN PÚBLICA ABREVIADA,2025-08,2094,1.38
LICITACIÓN PÚBLICA ABREVIADA - LEY N°26859,2025-08,2,0.0
PROCEDIMIENTO ESPECIAL DE CONTRATACIÓN,2025-08,6,0.0
PROCEDIMIENTO ESPECIAL DE CONTRATACIÓN-NUEVA CONVOCATORIA POR DESIERTO,2025-08,4,0.0
REGÍMEN ESPECIAL,2025-08,287,88.15
SUBASTA INVERSA ELECTRÓNICA,2025-08,694,2.31
ADJUDICACIÓN ABREVIADA,2025-09,17,82.35
ADJUDICACIÓN SELECTIVA,2025-09,15,20.0
ADJUDICACIÓN SIMPLIFICADA,2025-09,153,3.27
ADJUDICACIÓN SIMPLIFICADA-HOMOLOGACIÓN,2025-09,2,0.0
COMPARACIÓN DE PRECIOS,2025-09,536,0.0
CONCURSO PÚBLICO ABREVIADO,2025-09,2175,1.06
CONCURSO PÚBLICO ABREVIADO HOMOLOGACIÓN,2025-09,3,0.0
CONCURSO PÚBLICO DE SERVICIOS,2025-09,327,1.22
CONCURSO PÚBLICO PARA CONSULTORÍA,2025-09,137,0.0
CONTRATACIÓN DIRECTA,2025-09,330,94.24
CONTRATACIÓN INTERNACIONAL,2025-09,25,100.0
CONTRATOS ESTANDARIZADOS,2025-09,3,0.0
CONVENIO,2025-09,167,53.89
LICITACIÓN PÚBLICA,2025-09,465,0.43
LICITACIÓN PÚBLICA ABREVIADA,2025-09,2181,0.87
LICITACIÓN PÚBLICA ABREVIADA - LEY N°26859,2025-09,2,0.0
LICITACIÓN PÚBLICA ABREVIADA - LEY N°31589,2025-09,1,0.0
PROCEDIMIENTO ESPECIAL DE CONTRATACIÓN,2025-09,7,0.0
PROCEDIMIENTO ESPECIAL DE CONTRATACIÓN-NUEVA CONVOCATORIA POR DESIERTO,2025-09,6,0.0
REGÍMEN ESPECIAL,2025-09,123,61.79
SUBASTA INVERSA ELECTRÓNICA,2025-09,674,3.41
ADJUDICACIÓN ABREVIADA,2025-10,18,100.0
ADJUDICACIÓN SELECTIVA,2025-10,17,11.76
ADJUDICACIÓN SIMPLIFICADA,2025-10,115,1.74
ADJUDICACIÓN SIMPLIFICADA-HOMOLOGACIÓN,2025-10,2,0.0
COMPARACIÓN DE PRECIOS,2025-10,599,0.17
CONCURSO PÚBLICO ABREVIADO,2025-10,2133,1.55
CONCURSO PÚBLICO ABREVIADO - LEY N°31589,2025-10,2,0.0
CONCURSO PÚBLICO ABREVIADO HOMOLOGACIÓN,2025-10,5,0.0
CONCURSO PÚBLICO DE SERVICIOS,2025-10,278,0.36
CONCURSO PÚBLICO PARA CONSULTORÍA,2025-10,173,0.0
CONTRATACIÓN DIRECTA,2025-10,369,93.22
CONTRATACIÓN INTERNACIONAL,2025-10,31,100.0
CONTRATOS ESTANDARIZADOS,2025-10,2,0.0
CONVENIO,2025-10,145,57.24
LICITACIÓN PÚBLICA,2025-10,595,0.5
LICITACIÓN PÚBLICA ABREVIADA,2025-10,2462,0.93
LICITACIÓN PÚBLICA ABREVIADA - LEY N°31589,2025-10,1,0.0
LICITACIÓN PÚBLICA ABREVIADA HOMOLOGACIÓN,2025-10,2,0.0
PROCEDIMIENTO ESPECIAL DE CONTRATACIÓN,2025-10,10,0.0
PROCEDIMIENTO ESPECIAL DE CONTRATACIÓN-NUEVA CONVOCATORIA POR DESIERTO,2025-10,6,0.0
REGÍMEN ESPECIAL,2025-10,151,57.62
SUBASTA INVERSA ELECTRÓNICA,2025-10,685,3.07
ADJUDICACIÓN ABREVIADA,2025-11,4,75.0
ADJUDICACIÓN SELECTIVA,2025-11,14,7.14
ADJUDICACIÓN SIMPLIFICADA,2025-11,72,1.39
ADJUDICACIÓN SIMPLIFICADA-HOMOLOGACIÓN,2025-11,2,0.0
COMPARACIÓN DE PRECIOS,2025-11,682,0.59
CONCURSO PÚBLICO ABREVIADO,2025-11,1682,0.77
CONCURSO PÚBLICO ABREVIADO - LEY N°31589,2025-11,1,0.0
CONCURSO PÚBLICO ABREVIADO HOMOLOGACIÓN,2025-11,7,0.0
CONCURSO PÚBLICO DE SERVICIOS,2025-11,239,0.84
CONCURSO PÚBLICO PARA CONSULTORÍA,2025-11,140,0.0
CONTRATACIÓN DIRECTA,2025-11,355,94.08
CONTRATACIÓN INTERNACIONAL,2025-11,43,93.02
CONTRATOS ESTANDARIZADOS,2025-11,3,100.0
CONVENIO,2025-11,140,60.0
LICITACIÓN PÚBLICA,2025-11,369,0.81
LICITACIÓN PÚBLICA ABREVIADA,2025-11,2306,1.6
LICITACIÓN PÚBLICA ABREVIADA - LEY N°31589,2025-11,2,0.0
LICITACIÓN PÚBLICA ABREVIADA HOMOLOGACIÓN,2025-11,1,0.0
PROCEDIMIENTO ESPECIAL DE CONTRATACIÓN,2025-11,12,0.0
PROCEDIMIENTO ESPECIAL DE CONTRATACIÓN-NUEVA CONVOCATORIA POR DESIERTO,2025-11,5,0.0
REGÍMEN ESPECIAL,2025-11,112,51.79
SUBASTA INVERSA ELECTRÓNICA,2025-11,434,3.23
ADJUDICACIÓN ABREVIADA,2025-12,25,96.0
ADJUDICACIÓN SELECTIVA,2025-12,29,31.03
ADJUDICACIÓN SIMPLIFICADA,2025-12,67,7.46
ADJUDICACIÓN SIMPLIFICADA-HOMOLOGACIÓN,2025-12,1,0.0
COMPARACIÓN DE PRECIOS,2025-12,589,0.68
CONCURSO PÚBLICO ABREVIADO,2025-12,1976,1.77
CONCURSO PÚBLICO ABREVIADO - LEY N°26859,2025-12,1,0.0
CONCURSO PÚBLICO ABREVIADO HOMOLOGACIÓN,2025-12,4,25.0
CONCURSO PÚBLICO DE SERVICIOS,2025-12,517,0.58
CONCURSO PÚBLICO PARA CONSULTORÍA,2025-12,139,0.0
CONTRATACIÓN DIRECTA,2025-12,496,90.73
CONTRATACIÓN INTERNACIONAL,2025-12,39,97.44
CONVENIO,2025-12,155,70.97
LICITACIÓN PÚBLICA,2025-12,612,0.98
LICITACIÓN PÚBLICA ABREVIADA,2025-12,2357,3.56
LICITACIÓN PÚBLICA ABREVIADA - LEY N°31589,2025-12,3,0.0
LICITACIÓN PÚBLICA ABREVIADA HOMOLOGACIÓN,2025-12,8,0.0
LICITACIÓN PÚBLICA ABREVIADA SÉPTIMA DCF LEY N°32069,2025-12,2,0.0
PROCEDIMIENTO ESPECIAL DE CONTRATACIÓN,2025-12,11,0.0
PROCEDIMIENTO ESPECIAL DE CONTRATACIÓN-NUEVA CONVOCATORIA POR DESIERTO,2025-12,5,0.0
REGÍMEN ESPECIAL,2025-12,71,38.03
SUBASTA INVERSA ELECTRÓNICA,2025-12,598,4.35
ADJUDICACIÓN ABREVIADA,2026-01,1,0.0
CONTRATACIÓN DIRECTA,2026-01,132,96.97
CONTRATACIÓN DIRECTA,2026-02,42,95.24
ADJUDICACIÓN ABREVIADA,2026-03,1,100.0
CONTRATACIÓN DIRECTA,2026-03,11,100.0
CONTRATACIÓN DIRECTA,2026-04,7,100.0
CONTRATACIÓN DIRECTA,2026-05,3,100.0
CONTRATACIÓN DIRECTA,2026-06,4,100.0
CONTRATACIÓN DIRECTA,2026-07,1,100.0
CONTRATACIÓN DIRECTA,2026-08,3,100.0
CONTRATACIÓN DIRECTA,2026-09,1,100.0
