moneda,anio,_mes,tc
USD,2023,1,3.83278571428571
USD,2023,2,3.840875
USD,2023,3,3.77960869565217
USD,2023,4,3.76561111111111
USD,2023,5,3.68870454545455
USD,2023,6,3.65104761904762
USD,2023,7,3.6013
USD,2023,8,3.69634090909091
USD,2023,9,3.72966666666667
USD,2023,10,3.84440909090909
USD,2023,11,3.76188095238095
USD,2023,12,3.73368421052632
USD,2024,1,3.73980952380952
USD,2024,2,3.82730952380952
USD,2024,3,3.70955263157895
USD,2024,4,3.71315909090909
USD,2024,5,3.73097727272727
USD,2024,6,3.78463157894737
USD,2024,7,3.7644
USD,2024,8,3.741325
USD,2024,9,3.76821428571429
USD,2024,10,3.75359090909091
USD,2024,11,3.77885
USD,2024,12,3.73489473684211
USD,2025,1,3.74775
USD,2025,2,3.6977
USD,2025,3,3.65259523809524
USD,2025,4,3.6997
USD,2025,5,3.66014285714286
USD,2025,6,3.60390476190476
USD,2025,7,3.5562
USD,2025,8,3.5432
USD,2025,9,3.50281818181818
USD,2025,10,3.41409090909091
USD,2025,11,3.37285
USD,2025,12,3.36673684210526
EUR,2023,1,4.12752693571429
EUR,2023,2,4.11553597125
EUR,2023,3,4.04638333724026
EUR,2023,4,4.13001766635794
EUR,2023,5,4.00869966477273
EUR,2023,6,3.95768583203476
EUR,2023,7,3.98236898714291
EUR,2023,8,4.03229008458484
EUR,2023,9,3.98470482539701
EUR,2023,10,4.06067457685933
EUR,2023,11,4.0659264306276
EUR,2023,12,4.07085554570639
EUR,2024,1,4.07831328311675
EUR,2024,2,4.13147127925159
EUR,2024,3,4.03309981210527
EUR,2024,4,3.98338866417753
EUR,2024,5,4.03401742221064
EUR,2024,6,4.07188511578948
EUR,2024,7,4.08214809391314
EUR,2024,8,4.12001511409098
EUR,2024,9,4.18497878571429
EUR,2024,10,4.09304608695654
EUR,2024,11,4.01697153357148
EUR,2024,12,3.91370282236842
EUR,2025,1,3.88031813863626
EUR,2025,2,3.850230125
EUR,2025,3,3.94729010056707
EUR,2025,4,4.1488250815
EUR,2025,5,4.12792654353755
EUR,2025,6,4.15032536961434
EUR,2025,7,4.15252835478247
EUR,2025,8,4.12124777142873
EUR,2025,9,4.10958590041313
EUR,2025,10,3.97073616600801
EUR,2025,11,3.899082057
EUR,2025,12,3.94201597593976
BRL,2023,1,0.7370625786857
BRL,2023,2,0.742759423117418
BRL,2023,3,0.725332874981852
BRL,2023,4,0.750251260731158
BRL,2023,5,0.740370570745366
BRL,2023,6,0.752643312133173
BRL,2023,7,0.750234363607325
BRL,2023,8,0.753902410966003
BRL,2023,9,0.755545381679054
BRL,2023,10,0.759128106482244
BRL,2023,11,0.768085850373888
BRL,2023,12,0.762499226107354
BRL,2024,1,0.761083679287068
BRL,2024,2,0.771045900334856
BRL,2024,3,0.744959646147471
BRL,2024,4,0.724026316465873
BRL,2024,5,0.726939181781575
BRL,2024,6,0.702369745785579
BRL,2024,7,0.679317051814272
BRL,2024,8,0.673868121557862
BRL,2024,9,0.680064420597059
BRL,2024,10,0.667482013852492
BRL,2024,11,0.650801240361231
BRL,2024,12,0.612639861914372
BRL,2025,1,0.622428581565959
BRL,2025,2,0.641400023763908
BRL,2025,3,0.63565229220704
BRL,2025,4,0.639745049571293
BRL,2025,5,0.645894536580775
BRL,2025,6,0.64976724086011
BRL,2025,7,0.643319957150071
BRL,2025,8,0.650567267741981
BRL,2025,9,0.652681718779908
BRL,2025,10,0.634008871052212
BRL,2025,11,0.631589970117715
BRL,2025,12,0.617468696709553
GBP,2023,1,4.68377912642857
GBP,2023,2,4.64829767796053
GBP,2023,3,4.58735215661626
GBP,2023,4,4.68794525262346
GBP,2023,5,4.60398280431819
GBP,2023,6,4.60656155283447
GBP,2023,7,4.64682372973685
GBP,2023,8,4.69750324509298
GBP,2023,9,4.62036701166667
GBP,2023,10,4.67612869101732
GBP,2023,11,4.66402702827381
GBP,2023,12,4.71958686184211
GBP,2024,1,4.74891698503401
GBP,2024,2,4.83430336434524
GBP,2024,3,4.71652924118421
GBP,2024,4,4.65004217467533
GBP,2024,5,4.71082073733767
GBP,2024,6,4.81037629196676
GBP,2024,7,4.84408369714286
GBP,2024,8,4.83337322791667
GBP,2024,9,4.98184306071429
GBP,2024,10,4.90210441838843
GBP,2024,11,4.81842157934211
GBP,2024,12,4.73696699473684
GBP,2025,1,4.629604944375
GBP,2025,2,4.63224502105263
GBP,2025,3,4.71529173265307
GBP,2025,4,4.85891775175
GBP,2025,5,4.88958484285715
GBP,2025,6,4.88684079857143
GBP,2025,7,4.80195302454546
GBP,2025,8,4.76309718600001
GBP,2025,9,4.73030575324676
GBP,2025,10,4.55849418181818
GBP,2025,11,4.42388627416667
GBP,2025,12,4.50399649924812
CAD,2023,1,2.85540808192396
CAD,2023,2,2.85561327307234
CAD,2023,3,2.7635880944805
CAD,2023,4,2.7922487198606
CAD,2023,5,2.72900459589733
CAD,2023,6,2.7473692037155
CAD,2023,7,2.72529105080993
CAD,2023,8,2.74100202913597
CAD,2023,9,2.7544259253501
CAD,2023,10,2.80271134992552
CAD,2023,11,2.74210670333632
CAD,2023,12,2.7715430431105
CAD,2024,1,2.78592281742303
CAD,2024,2,2.83487609905304
CAD,2024,3,2.7404707799585
CAD,2024,4,2.71294243195463
CAD,2024,5,2.7280263929619
CAD,2024,6,2.76164248880329
CAD,2024,7,2.74359179925223
CAD,2024,8,2.74057237236819
CAD,2024,9,2.78174791274203
CAD,2024,10,2.73391322226928
CAD,2024,11,2.70510807171076
CAD,2024,12,2.63446139469614
CAD,2025,1,2.60396944231177
CAD,2025,2,2.58560435152235
CAD,2025,3,2.54378401323885
CAD,2025,4,2.64326591267942
CAD,2025,5,2.63954830663926
CAD,2025,6,2.63612906102227
CAD,2025,7,2.59668704232993
CAD,2025,8,2.56716417910448
CAD,2025,9,2.53219128095783
CAD,2025,10,2.44003066687458
CAD,2025,11,2.39872697532181
CAD,2025,12,2.43922669790828
